Product Category,Product Sub-Category,Sales,Profit
Office Supplies,Pens & Art Supplies,13.01,4.56
Furniture,Chairs & Chairmats,6362.85,4390.3665
Furniture,Office Furnishings,211.15,-53.8096
Furniture,Office Furnishings,1164.45,803.4705
Office Supplies,Pens & Art Supplies,22.23,-24.03
Office Supplies,Pens & Art Supplies,13.99,-37.03
Office Supplies,Rubber Bands,14.26,-0.71
Office Supplies,Envelopes,33.47,-59.82
Office Supplies,Envelopes,379.53,261.8757
Office Supplies,Rubber Bands,18.8,2.63
Technology,Telephones and Communication,945.99,652.7331
Furniture,Office Furnishings,455.77,314.4813
Technology,Office Machines,231.79,-114.6399
Furniture,Office Furnishings,1876.69,384.38
Office Supplies,Rubber Bands,293.06,-17.49
Technology,Office Machines,914.29,-114.6399
Office Supplies,Paper,67.49,-28.2968
Office Supplies,Pens & Art Supplies,2.25,-5.3072
Furniture,Office Furnishings,54.78,8.894
Office Supplies,Pens & Art Supplies,424.68,144.69
Technology,Office Machines,40.17,-35.8788
Technology,Telephones and Communication,783.55,209.997
Technology,Telephones and Communication,3838.14,3568.096
Office Supplies,Binders and Binder Accessories,58.68,-84.4376
Office Supplies,Pens & Art Supplies,53.1,24.312
Technology,Office Machines,647.07,25.91382
Technology,Telephones and Communication,627.04,162.666
Technology,Office Machines,3267.55,-6923.5992
Office Supplies,Paper,110.19,-67.49
Office Supplies,Binders and Binder Accessories,73.55,19.6282
Office Supplies,Pens & Art Supplies,29.57,-1.6524
Office Supplies,Paper,22.85,2.14
Office Supplies,Paper,506.39,349.4091
Office Supplies,Labels,4,-37.5291
Technology,Telephones and Communication,589.8,101.49
Office Supplies,Storage & Organization,1225.6,845.664
Furniture,Chairs & Chairmats,1239.06,-308.928
Furniture,Chairs & Chairmats,4083.19,-1679.76
Office Supplies,Storage & Organization,4902.38,575.396
Furniture,Chairs & Chairmats,5718.85,-2426.55
Furniture,Chairs & Chairmats,1400.53,-2426.55
Furniture,Tables,1821.89,-715.778206
Furniture,Office Furnishings,90.98,-144.56
Office Supplies,Binders and Binder Accessories,10728,7402.32
Office Supplies,Storage & Organization,3127.69,1892.424
Office Supplies,Labels,41.82,28.8558
Furniture,Tables,2875.72,173.48
Office Supplies,Pens & Art Supplies,170.8,117.852
Office Supplies,Paper,53.54,34.0104
Technology,Telephones and Communication,3363.53,2031.507
Office Supplies,Paper,132.08,-190.68
Office Supplies,Paper,45.34,325.398
Office Supplies,"Scissors, Rulers and Trimmers",216.04,22.818
Furniture,Chairs & Chairmats,6276.34,116.1
Technology,Computer Peripherals,2664.4,-87.96
Furniture,Chairs & Chairmats,1526.68,255.42
Technology,Telephones and Communication,1952.56,685.6146
Technology,Computer Peripherals,303.59,-16.2
Furniture,Bookcases,9459.94,2023.75
Technology,Computer Peripherals,1233.32,-20.25
Office Supplies,Binders and Binder Accessories,47.31,-3.381
Furniture,Bookcases,2441.27,1684.4763
Office Supplies,Binders and Binder Accessories,11.13,-2.7048
Office Supplies,Pens & Art Supplies,29.5,18.658
Office Supplies,Labels,58.33,40.2477
Office Supplies,Paper,20.42,14.0898
Technology,Computer Peripherals,26.07,-55.84
Office Supplies,Pens & Art Supplies,122.23,9.82
Office Supplies,Labels,228.46,112.06
Office Supplies,Paper,77.61,16.79
Technology,Computer Peripherals,99.94,-55.84
Office Supplies,Labels,59.85,41.2965
Technology,Telephones and Communication,1708.73,1179.0237
Office Supplies,"Scissors, Rulers and Trimmers",94.97,105.678
Furniture,Office Furnishings,10.23,-37.39
Office Supplies,Envelopes,217.23,149.8887
Office Supplies,Paper,101.74,3.04
Office Supplies,"Scissors, Rulers and Trimmers",84.52,2.706
Office Supplies,Paper,312.59,91.956
Office Supplies,"Scissors, Rulers and Trimmers",64.4,-2.544
Office Supplies,Paper,14.65,2.4852
Furniture,Tables,453.62,-634.7341
Furniture,Office Furnishings,193.59,133.5771
Furniture,Chairs & Chairmats,929.57,251.4084
Technology,Computer Peripherals,62.46,-20.258
Office Supplies,Envelopes,28.11,13.896
Office Supplies,Pens & Art Supplies,5.5,-172.718
Furniture,Office Furnishings,667.84,-40.684
Technology,Telephones and Communication,292.23,97.86
Technology,Computer Peripherals,772.56,360.24
Technology,Telephones and Communication,1050.08,713.88
Office Supplies,Appliances,33.82,-18.64
Furniture,Bookcases,715.55,-111.4
Office Supplies,Paper,45.63,-77.03
Technology,Office Machines,1839.91,28.5141
Technology,Computer Peripherals,130.62,280.27458
Technology,Office Machines,6945.16,-112.4263
Office Supplies,Paper,30.94,24.924
Office Supplies,Binders and Binder Accessories,3.42,-2.9095
Technology,Computer Peripherals,901.81,-76.89
Office Supplies,Pens & Art Supplies,186.59,-35.75
Technology,Computer Peripherals,250.5,-76.89
Office Supplies,Paper,221.24,152.6556
Office Supplies,Pens & Art Supplies,46.65,7.15
Office Supplies,Binders and Binder Accessories,164.71,113.6499
Office Supplies,Appliances,79.68,-35.4744
Office Supplies,Binders and Binder Accessories,53.26,14.467
Technology,Computer Peripherals,203.49,-99.9864
Technology,Telephones and Communication,2356.01,1348.59672
Technology,Office Machines,224.12,-560.81418
Office Supplies,Binders and Binder Accessories,140.3,-66.0445
Office Supplies,Paper,28.2,-105.6852
Office Supplies,Rubber Bands,71.55,15.66
Office Supplies,Storage & Organization,3108.98,1167.158
Office Supplies,Storage & Organization,12599.55,1014.92
Office Supplies,Paper,34.65,1.73
Technology,Computer Peripherals,85.79,-133.7
Office Supplies,Rubber Bands,17.61,-66.62
Office Supplies,Binders and Binder Accessories,27.3,-21.48775
Furniture,Office Furnishings,64.75,44.6775
Office Supplies,Pens & Art Supplies,62.98,23.595
Office Supplies,Paper,21.2,7.59
Technology,Telephones and Communication,173.32,-107.987
Office Supplies,"Scissors, Rulers and Trimmers",42.29,-36.25
Technology,Office Machines,730.37,-102.5121
Furniture,Chairs & Chairmats,450.49,36.354
Office Supplies,Binders and Binder Accessories,58.8,-243.2365
Furniture,Office Furnishings,120.47,-53.62
Office Supplies,Appliances,1599.96,1103.9724
Office Supplies,Binders and Binder Accessories,197.59,136.3371
Technology,Computer Peripherals,33.04,-12.46
Office Supplies,Pens & Art Supplies,27.45,-175.86
Technology,Office Machines,4775.11,3294.8259
Office Supplies,Paper,57.41,35.09
Furniture,Tables,2809.87,785.63
Office Supplies,Binders and Binder Accessories,79.93,-256.519
Technology,Telephones and Communication,873.18,398.358
Furniture,Tables,798.69,-101.192
Technology,Telephones and Communication,792.11,-3.332
Office Supplies,Labels,28.73,-145.082
Office Supplies,Pens & Art Supplies,109.74,1.108
Technology,Telephones and Communication,1543.55,1061.379
Furniture,Tables,1332.82,-53.745
Office Supplies,"Scissors, Rulers and Trimmers",34.64,0.684
Technology,Computer Peripherals,52.47,-127.008
Office Supplies,Pens & Art Supplies,26.38,5.7532
Furniture,Tables,304.34,-2177.986096
Technology,Computer Peripherals,1300.81,326.25
Office Supplies,Paper,67.86,8.932
Office Supplies,Storage & Organization,747.28,229.638
Office Supplies,Envelopes,18.67,-22.48
Furniture,Office Furnishings,210.77,78.98
Office Supplies,Envelopes,209.12,144.2928
Furniture,Office Furnishings,1287.17,888.1473
Office Supplies,Paper,46.17,-46.005
Technology,Office Machines,899.81,128.0253
Office Supplies,Envelopes,68.46,-29.8984
Furniture,Office Furnishings,885.23,52.9166
Office Supplies,Envelopes,836.47,72.1858
Office Supplies,Paper,189.83,-122.3733
Office Supplies,Binders and Binder Accessories,61.52,-51.75
Office Supplies,Rubber Bands,8.3,-1
Technology,Telephones and Communication,416.95,-221.254
Office Supplies,Pens & Art Supplies,18.71,-11.57
Office Supplies,Binders and Binder Accessories,40.95,-61.87
Furniture,Bookcases,1155.73,-530.24
Technology,Computer Peripherals,192.3,132.687
Technology,Telephones and Communication,748.1,496.89
Technology,Computer Peripherals,102.54,-135.16
Technology,Computer Peripherals,70.16,15.8952
Technology,Telephones and Communication,1240.57,855.9933
Technology,Computer Peripherals,280.62,10.74
Office Supplies,"Scissors, Rulers and Trimmers",3206.94,-1759.58
Technology,Computer Peripherals,43.08,-72.23
Furniture,Office Furnishings,66.55,-27.16
Office Supplies,Paper,103.49,-52.344
Office Supplies,Storage & Organization,192.18,-119.936
Technology,Computer Peripherals,89.76,9.9268
Technology,Telephones and Communication,28.46,-29.172
Furniture,Tables,1170.21,-715.778206
Technology,Computer Peripherals,243.32,-22.82
Furniture,Chairs & Chairmats,3825.32,2639.4708
Furniture,Office Furnishings,8.53,-5.2
Office Supplies,Appliances,40.3,-83.65
Furniture,Office Furnishings,111.88,24.39
Office Supplies,Pens & Art Supplies,73.97,-4.6683
Furniture,Tables,111.86,11.65095
Office Supplies,Pens & Art Supplies,18.49,0.702
Office Supplies,"Scissors, Rulers and Trimmers",212.89,5.8625
Furniture,Office Furnishings,5555.6,1916.6757
Office Supplies,"Scissors, Rulers and Trimmers",55.54,10.5
Furniture,Office Furnishings,1440.34,993.8346
Technology,Computer Peripherals,84.76,-165.45
Office Supplies,Paper,104.84,-141.12
Furniture,Tables,1714.93,1074.44
Technology,Telephones and Communication,107.95,-627.82192
Office Supplies,Appliances,1967.98,411.5172
Furniture,Office Furnishings,394.1,211.232
Technology,Telephones and Communication,266.39,49.788
Office Supplies,Binders and Binder Accessories,51.82,-132.6295
Furniture,Bookcases,9539.6,-163.63
Office Supplies,Paper,109.86,-63.87
Technology,Telephones and Communication,1426.51,-175.175
Furniture,Bookcases,2331.9,-224.9478
Office Supplies,Paper,27.47,196.8
Office Supplies,Appliances,460.87,250.0376
Office Supplies,Storage & Organization,394.51,-539.59
Office Supplies,Binders and Binder Accessories,38.65,-82.823
Technology,Telephones and Communication,279.83,107.082
Office Supplies,Binders and Binder Accessories,126.9,-27.28375
Office Supplies,Paper,22.82,-51.5592
Technology,Telephones and Communication,188.66,-263.56572
Furniture,Chairs & Chairmats,1845.23,1273.2087
Technology,Computer Peripherals,37.16,-159.68
Furniture,Office Furnishings,43.65,27.91
Office Supplies,Storage & Organization,31.44,-81.77
Technology,Computer Peripherals,64.59,-19.208
Office Supplies,Paper,461.94,7.44
Furniture,Tables,1216.32,-372.485971
Furniture,Office Furnishings,1989.32,1372.6308
Office Supplies,Paper,72.76,50.2044
Office Supplies,Binders and Binder Accessories,400.47,236.2371
Office Supplies,Storage & Organization,1531.31,943
Technology,Office Machines,919.09,-2531.4825
Technology,Computer Peripherals,236.46,163.1574
Technology,Telephones and Communication,73.82,-302.225
Office Supplies,Envelopes,243.11,90.62
Technology,Telephones and Communication,952.26,427.1184
Furniture,Office Furnishings,355.92,86.438
Office Supplies,Paper,101.71,-4.46
Furniture,Bookcases,1766.68,-512.872
Office Supplies,Pens & Art Supplies,29.02,-3.784
Furniture,Chairs & Chairmats,159.51,-82.904
Technology,Telephones and Communication,1838.85,1268.8065
Technology,Office Machines,35.48,-53.2962
Office Supplies,Binders and Binder Accessories,434.31,299.6739
Office Supplies,Binders and Binder Accessories,19.86,-15.456
Office Supplies,Labels,23.26,16.0494
Technology,Telephones and Communication,51.83,-235.895
Furniture,Office Furnishings,32.4,-41.32
Office Supplies,Storage & Organization,492.9,7.9
Office Supplies,Storage & Organization,1081.54,521.69
Technology,Office Machines,1132.84,496.7968
Furniture,Office Furnishings,143.63,-556.8096
Office Supplies,Appliances,73.04,-27.7388
Furniture,Office Furnishings,33.35,-128.6872
Office Supplies,Paper,60.24,23.2028
Technology,Computer Peripherals,718.03,-568.5351
Technology,Computer Peripherals,179.51,-427.47
Office Supplies,Appliances,73.18,-18.19
Office Supplies,Binders and Binder Accessories,8.82,-24.05754
Technology,Copiers and Fax,5976.09,2583.56148
Office Supplies,Labels,8.77,6.0513
Office Supplies,Binders and Binder Accessories,20.87,-67.0565
Office Supplies,Paper,25.7,-7.94
Technology,Telephones and Communication,229.57,122.292
Office Supplies,Pens & Art Supplies,66.7,-2.12
Office Supplies,Paper,217,-69.07
Technology,Office Machines,31670.6,2028.12
Office Supplies,Paper,239.82,-63.51
Office Supplies,Paper,66.71,-92.05
Office Supplies,Storage & Organization,87.16,6.11
Technology,Computer Peripherals,101.26,-36.63
Office Supplies,Pens & Art Supplies,17.4,-2.12
Office Supplies,Paper,52.93,-35.9164
Technology,Office Machines,8637.44,3042.18
Office Supplies,Paper,59.95,-31.755
Technology,Computer Peripherals,5062.49,171.8388
Office Supplies,Paper,646.97,32.9409
Technology,Telephones and Communication,946.29,131.334
Office Supplies,Storage & Organization,123,-282.0818
Furniture,Chairs & Chairmats,554.08,140.1354
Office Supplies,Paper,152.54,105.2526
Office Supplies,Binders and Binder Accessories,89.79,-29.0927
Furniture,Office Furnishings,199.76,113.415
Technology,Office Machines,480.37,26.1
Office Supplies,Paper,5.76,-2.58
Furniture,Tables,3112.13,2800.12
Office Supplies,Binders and Binder Accessories,2589.01,363.552
Technology,Office Machines,1893.93,-11.536
Technology,Office Machines,211.13,-6.612
Office Supplies,Binders and Binder Accessories,25.39,-15.5595
Office Supplies,Paper,87.27,-108.19
Office Supplies,Binders and Binder Accessories,403.25,46.488
Office Supplies,Binders and Binder Accessories,414.49,159.5297
Technology,Telephones and Communication,469.69,15.3714
Technology,Office Machines,8585.67,5924.1123
Furniture,Office Furnishings,57.37,39.5853
Office Supplies,Binders and Binder Accessories,66.32,-66.378
Office Supplies,Pens & Art Supplies,18.75,-33.34
Furniture,Tables,188.51,-201.276
Technology,Copiers and Fax,6720.88,4637.4072
Technology,Telephones and Communication,102.21,-239.5415
Office Supplies,Paper,31.18,21.5142
Office Supplies,Paper,267.53,34.068
Technology,Office Machines,43046.2,4073.25
Office Supplies,Paper,330.21,-179.592
Furniture,Tables,6831.37,-500.38
Technology,Office Machines,10331.09,6028.41
Office Supplies,Paper,83.86,-161.6328
Furniture,Tables,1707.84,-250.19
Office Supplies,Paper,66.88,46.1472
Office Supplies,Storage & Organization,274.91,-1116.3348
Furniture,Chairs & Chairmats,1128.74,1141.794
Office Supplies,Appliances,805.99,-99.568
Office Supplies,Binders and Binder Accessories,1066.54,224.8506
Technology,Telephones and Communication,65.74,-122.133
Office Supplies,Binders and Binder Accessories,5.84,-12.1555
Office Supplies,Storage & Organization,405.57,-269.0844
Office Supplies,Appliances,32.6,-566
Office Supplies,Envelopes,515.88,293.14
Office Supplies,Envelopes,25.06,-6.61
Technology,Telephones and Communication,578.24,-57.541
Office Supplies,Storage & Organization,116.93,-266.22
Office Supplies,"Scissors, Rulers and Trimmers",170.45,-67.59
Office Supplies,Labels,285.87,-239.8656
Office Supplies,Pens & Art Supplies,20.37,-53.444
Furniture,Office Furnishings,17.44,-22.12
Technology,Computer Peripherals,702.68,484.8492
Furniture,Office Furnishings,67.24,18
Office Supplies,Binders and Binder Accessories,24.27,15.2745
Office Supplies,Paper,38.53,26.5857
Furniture,Tables,4910.72,-575.352
Office Supplies,Paper,116.8,-51.635
Office Supplies,Paper,32.39,-75.44
Technology,Telephones and Communication,227.79,-120.934
Furniture,Tables,5679.59,-1763.7477
Office Supplies,Binders and Binder Accessories,102.32,-15.0995
Furniture,Tables,1494.63,-1763.7477
Office Supplies,Envelopes,46.23,23.5428
Office Supplies,Storage & Organization,279.28,-276.1128
Technology,Computer Peripherals,70.06,-78.13
Office Supplies,Binders and Binder Accessories,81.82,-64.67094
Office Supplies,Paper,13.16,-11.1132
Furniture,Office Furnishings,205.98,107.02
Office Supplies,Paper,31.46,18.42
Technology,Telephones and Communication,948.97,349.47
Office Supplies,Paper,136.99,-226.3464
Technology,Telephones and Communication,99.36,-281.17584
Office Supplies,Storage & Organization,9580,6610.2
Furniture,Office Furnishings,28.32,-103.7124
Office Supplies,Storage & Organization,2309.49,-124.2864
Furniture,Bookcases,1232.01,-229.68
Technology,Telephones and Communication,506.38,288.09
Technology,Telephones and Communication,1042.72,719.4768
Furniture,Tables,1769.91,1192.04
Furniture,Tables,6686.34,1192.04
Furniture,Bookcases,4620.05,-229.68
Technology,Telephones and Communication,1912.98,288.09
Technology,Telephones and Communication,4170.87,1030.509
Furniture,Office Furnishings,818.81,261.444
Furniture,Office Furnishings,34.11,-10.36
Office Supplies,Rubber Bands,154.71,106.7499
Office Supplies,Binders and Binder Accessories,192.33,-246.92616
Furniture,Bookcases,6901.25,4233.2588
Furniture,Office Furnishings,148.94,102.7686
Technology,Office Machines,200.68,-36.671544
Office Supplies,Binders and Binder Accessories,29.92,20.6448
Office Supplies,Paper,19.73,-24.2048
Technology,Office Machines,615.54,-126.05778
Furniture,Office Furnishings,261.34,10.802
Furniture,Office Furnishings,202.41,-678.496
Furniture,Chairs & Chairmats,793.39,90.762
Office Supplies,Binders and Binder Accessories,54.04,-352.814
Furniture,Office Furnishings,832.14,70.028
Office Supplies,Binders and Binder Accessories,221.06,-124.2805
Office Supplies,Labels,58.67,40.4823
Office Supplies,Paper,101.06,32.86
Furniture,Tables,1429.81,-187.222
Office Supplies,Pens & Art Supplies,34.97,9.59
Technology,Telephones and Communication,308.86,-655.424
Office Supplies,Storage & Organization,485.01,-7.58
Office Supplies,Storage & Organization,81.14,-109.704
Office Supplies,Appliances,10.11,-19.93
Office Supplies,Binders and Binder Accessories,6621.17,4568.6073
Technology,Telephones and Communication,253.78,-258.225
Furniture,Office Furnishings,69.96,38.06
Office Supplies,Storage & Organization,2716.09,-207.28
Office Supplies,Binders and Binder Accessories,21.34,-12.719
Technology,Computer Peripherals,17.42,-51.42
Office Supplies,Paper,49.81,-88.6
Furniture,Bookcases,3722.41,2568.4629
Office Supplies,Binders and Binder Accessories,95.1,9.486
Furniture,Bookcases,734.74,-263.65
Technology,Telephones and Communication,1882.87,890.181
Furniture,Tables,8834.58,6095.8602
Technology,Computer Peripherals,78.54,-82.83
Furniture,Office Furnishings,605.1,25.04
Technology,Computer Peripherals,355.84,-580.32
Technology,Telephones and Communication,1346.32,928.9608
Office Supplies,Appliances,292.18,-131.6172
Technology,Computer Peripherals,322.03,-82.83
Furniture,Office Furnishings,2470.84,25.04
Technology,Telephones and Communication,5250.66,930.987
Technology,Computer Peripherals,1423.35,-580.32
Office Supplies,Appliances,1154.12,-253.11
Office Supplies,Paper,32.5,-16.67
Office Supplies,Pens & Art Supplies,193.95,40.2
Office Supplies,Pens & Art Supplies,158.8,3.21
Office Supplies,Rubber Bands,274.26,38.7
Office Supplies,"Scissors, Rulers and Trimmers",83.16,-21.91
Office Supplies,Storage & Organization,261.93,-119.77
Technology,Computer Peripherals,210.1,-168.72
Furniture,Chairs & Chairmats,6499.87,-439.62
Office Supplies,Pens & Art Supplies,351.56,15.42
Office Supplies,Pens & Art Supplies,87.89,33.924
Office Supplies,Paper,6.5,-16.67
Office Supplies,Rubber Bands,68.56,46.44
Office Supplies,"Scissors, Rulers and Trimmers",20.79,-17.528
Office Supplies,Storage & Organization,67.91,-95.816
Office Supplies,Pens & Art Supplies,40.37,3.852
Technology,Computer Peripherals,122.25,71.7356
Office Supplies,Storage & Organization,206.09,-79.3208
Furniture,Office Furnishings,66.9,24.096
Office Supplies,Pens & Art Supplies,43.13,6.972
Office Supplies,Paper,11.21,-24.246
Technology,Telephones and Communication,100.38,-605.374
Technology,Computer Peripherals,66.32,-99.55
Office Supplies,Storage & Organization,1178.32,-801.1548
Furniture,Chairs & Chairmats,2016.32,797.856
Office Supplies,Paper,612.25,422.4525
Furniture,Bookcases,313.63,-178.216
Technology,Computer Peripherals,397.17,-26.656
Office Supplies,Appliances,63.48,-54.622
Office Supplies,Binders and Binder Accessories,47.64,-126.81418
Technology,Office Machines,1545.58,1400.1
Technology,Telephones and Communication,2104.99,916.6806
Technology,Computer Peripherals,353.1,67.6
Office Supplies,Storage & Organization,257.52,-224.644
Furniture,Bookcases,411.64,14.76
Office Supplies,Labels,17.59,10.85
Office Supplies,Paper,141.54,97.6626
Furniture,Tables,905.4,-453.2
Technology,Office Machines,243.86,-207.679788
Office Supplies,Paper,39.97,-7.5244
Technology,Telephones and Communication,92.96,-92.961
Technology,Telephones and Communication,1362.2,613.89576
Technology,Computer Peripherals,336.64,232.2816
Technology,Computer Peripherals,429.33,-45.07
Office Supplies,Appliances,44.66,-8.53
Technology,Copiers and Fax,1619.95,285.95
Office Supplies,Appliances,56.44,-209.25
Office Supplies,Paper,56.73,-9.1636
Office Supplies,Appliances,64.41,12.706
Technology,Office Machines,344.57,7.71516
Office Supplies,Storage & Organization,279.01,192.5169
Furniture,Bookcases,614.99,-134.912
Office Supplies,Paper,76.23,-5.05
Office Supplies,Paper,99.92,-204.16
Office Supplies,Binders and Binder Accessories,79.4,-46.115
Office Supplies,Appliances,15.49,-20.104
Office Supplies,Pens & Art Supplies,18.59,-3.496
Office Supplies,Storage & Organization,834.08,-717.072
Office Supplies,Paper,50.88,-62.23
Furniture,Chairs & Chairmats,958.46,131.382
Office Supplies,Storage & Organization,368.84,-89.292
Technology,Telephones and Communication,30.86,-211.036
Technology,Computer Peripherals,568.25,-13.28
Office Supplies,Paper,126.66,-48.68
Technology,Telephones and Communication,93.82,-184.548
Technology,Telephones and Communication,8332.91,1220.03784
Office Supplies,Pens & Art Supplies,5.9,-2.87
Furniture,Office Furnishings,80.23,4.3809
Furniture,Bookcases,2044.9,-100.744
Office Supplies,Appliances,53.3,3.384
Office Supplies,Paper,21.93,0.346
Office Supplies,Paper,28.46,-17.654
Office Supplies,Appliances,89.91,-13.826
Office Supplies,Pens & Art Supplies,138.51,-203.67
Office Supplies,Pens & Art Supplies,41.96,19.57
Furniture,Office Furnishings,300.63,98.12
Office Supplies,Appliances,240.46,107.11
Office Supplies,Binders and Binder Accessories,74.08,-216.154
Office Supplies,Rubber Bands,5.28,-6.6096
Office Supplies,Binders and Binder Accessories,50.83,-89.217
Office Supplies,Pens & Art Supplies,39.26,1.2236
Office Supplies,Storage & Organization,606.51,4.3148
Technology,Telephones and Communication,64.89,-125.83296
Furniture,Office Furnishings,267.2,122.21
Office Supplies,Paper,86.79,-11.1332
Furniture,Office Furnishings,292.37,201.7353
Office Supplies,Storage & Organization,682.79,-684.78
Office Supplies,Paper,125.77,-237.47
Furniture,Tables,3918.98,-2946.051
Furniture,Office Furnishings,31.24,21.5556
Office Supplies,Binders and Binder Accessories,74.77,-239.315
Office Supplies,Paper,127.81,-33.31
Office Supplies,Appliances,78.59,-74.4796
Technology,Telephones and Communication,497.11,-232.22056
Office Supplies,Envelopes,27.02,18.6438
Office Supplies,Paper,27.67,-31.24
Furniture,Chairs & Chairmats,1033.56,55.888
Furniture,Chairs & Chairmats,19.97,1.3224
Technology,Telephones and Communication,660.03,455.4207
Furniture,Office Furnishings,199.12,29.332
Office Supplies,Pens & Art Supplies,63.14,-86
Office Supplies,Rubber Bands,44.85,-0.49
Furniture,Office Furnishings,49.78,34.3482
Office Supplies,Pens & Art Supplies,16.62,-66.65
Technology,Computer Peripherals,517.68,35.955
Technology,Office Machines,573.31,-173.0952
Office Supplies,Storage & Organization,140.23,-96.16
Office Supplies,Labels,594.44,263.4
Office Supplies,Paper,228.5,37.31
Technology,Office Machines,191.1,-173.0952
Office Supplies,Storage & Organization,28.05,-96.16
Office Supplies,Labels,151.77,104.7213
Office Supplies,Paper,57.13,37.31
Office Supplies,Binders and Binder Accessories,116.92,80.6748
Technology,Telephones and Communication,151.6,114.3165
Office Supplies,Pens & Art Supplies,31.73,1107.408
Office Supplies,Paper,85.26,-149.212
Office Supplies,Paper,16.6,-21.018
Furniture,Tables,2285.41,-655.529875
Office Supplies,Storage & Organization,513.52,354.3288
Furniture,Chairs & Chairmats,346.52,-489.4156
Office Supplies,Storage & Organization,499.31,35.31
Office Supplies,Storage & Organization,73.1,6.11
Furniture,Bookcases,2115.06,187.412
Office Supplies,"Scissors, Rulers and Trimmers",47.95,-6.34
Technology,Computer Peripherals,134.38,92.7222
Office Supplies,Binders and Binder Accessories,76.77,-160.2755
Technology,Telephones and Communication,782,396.972
Office Supplies,Rubber Bands,15.73,-7.04
Furniture,Bookcases,1719.07,538.52
Office Supplies,Paper,8.41,-4.14
Office Supplies,Paper,104.95,-31.885
Technology,Telephones and Communication,166.59,-95.2105
Furniture,Bookcases,396.19,-193.58
Office Supplies,Binders and Binder Accessories,98.7,-4.301
Furniture,Office Furnishings,1782.44,-1570.32
Furniture,Office Furnishings,72.11,27.23
Office Supplies,Binders and Binder Accessories,124.81,-19.0992
Office Supplies,Paper,881.32,373.67
Office Supplies,Binders and Binder Accessories,41.6,-14.80188
Technology,Office Machines,1497.22,-2561.3235
Office Supplies,Paper,244.81,168.9189
Office Supplies,Pens & Art Supplies,4.55,-6.2
Office Supplies,Labels,27.63,19.0647
Office Supplies,Pens & Art Supplies,31.21,10.56
Technology,Office Machines,1214.03,837.6807
Office Supplies,Pens & Art Supplies,3.51,-4.2
Furniture,Tables,120.12,-44.1636
Office Supplies,Pens & Art Supplies,7.01,-4.2
Furniture,Bookcases,1452.18,-102.662
Furniture,Chairs & Chairmats,619.38,-116.584
Furniture,Office Furnishings,18.69,12.8961
Office Supplies,Appliances,8.8,-21.3192
Office Supplies,Storage & Organization,477.2,93.8468
Technology,Computer Peripherals,2848.38,17.772
Office Supplies,Paper,38.58,-104.57
Furniture,Tables,810.47,-969.048366
Office Supplies,Paper,72.83,4.032
Office Supplies,Appliances,63.66,-23.6344
Technology,Computer Peripherals,127.22,-71.83
Furniture,Office Furnishings,432.44,-0.74
Office Supplies,Paper,12.18,-3.88
Office Supplies,Paper,950.43,551.0928
Office Supplies,Labels,25.37,17.5053
Furniture,Tables,6963.67,818.546175
Technology,Computer Peripherals,160.17,-17.15
Furniture,Office Furnishings,7.47,-29.54
Technology,Telephones and Communication,370.81,-329.784
Office Supplies,Binders and Binder Accessories,119.99,-2.1
Office Supplies,Pens & Art Supplies,650.7,829.467
Office Supplies,Paper,11.41,111.222
Office Supplies,Envelopes,680.39,22.866
Office Supplies,Paper,75.52,115.728
Technology,Office Machines,2354.54,909.36
Office Supplies,Binders and Binder Accessories,79.06,-76.4244
Office Supplies,Envelopes,65.14,8.732
Office Supplies,Binders and Binder Accessories,640.71,442.0899
Office Supplies,Binders and Binder Accessories,659.6,455.124
Technology,Telephones and Communication,1137.6,624.40164
Technology,Computer Peripherals,151.55,18.922
Office Supplies,Labels,57.03,39.3507
Technology,Computer Peripherals,347.23,-229.87
Technology,Office Machines,478.23,329.9787
Office Supplies,Pens & Art Supplies,93.82,30.49
Technology,Computer Peripherals,1670.33,1152.5277
Technology,Telephones and Communication,100.59,-604.406
Technology,Computer Peripherals,598.38,293.66
Office Supplies,Paper,39.36,-403.1874
Technology,Computer Peripherals,322.77,-13.77
Office Supplies,Labels,65.09,44.9121
Office Supplies,Appliances,98.96,9.33
Furniture,Office Furnishings,13546.94,2593.14
Furniture,Office Furnishings,6401.65,1162.76
Office Supplies,Paper,617.4,-76.94
Office Supplies,Paper,157.78,-40.0088
Office Supplies,Binders and Binder Accessories,26.31,-51.704
Office Supplies,Paper,209.78,144.7482
Technology,Telephones and Communication,17.83,-112.189
Furniture,Tables,2527.79,-445.9717763
Office Supplies,Labels,121.87,4.1674
Furniture,Tables,659.42,-335.317125
Office Supplies,Binders and Binder Accessories,403.53,16.0218
Furniture,Office Furnishings,55.17,38.0673
Office Supplies,Binders and Binder Accessories,377.44,-99.43544
Office Supplies,Paper,286.4,-97.28
Office Supplies,Pens & Art Supplies,664.34,139.612
Furniture,Chairs & Chairmats,473.53,-505.76
Furniture,Office Furnishings,220.92,152.4348
Office Supplies,"Scissors, Rulers and Trimmers",196.41,9.862
Technology,Telephones and Communication,54.08,-232.991
Office Supplies,Paper,47.18,-40.2752
Office Supplies,Paper,30.87,-53.25
Technology,Computer Peripherals,309.05,-159.25
Office Supplies,Paper,299.3,206.517
Office Supplies,Binders and Binder Accessories,45.24,2.125
Office Supplies,Storage & Organization,51.02,5.884
Office Supplies,Appliances,2291.39,772.04
Office Supplies,Appliances,9492.92,772.04
Office Supplies,Paper,318.47,81.91
Office Supplies,"Scissors, Rulers and Trimmers",586.96,-10.9
Furniture,Chairs & Chairmats,11272.77,1232.79
Office Supplies,"Scissors, Rulers and Trimmers",144.33,2.18
Office Supplies,Binders and Binder Accessories,270.55,67.1075
Office Supplies,Paper,79.62,54.9378
Technology,Telephones and Communication,479.79,168.237
Furniture,Office Furnishings,108.99,-169.232
Furniture,Bookcases,3527.82,1272.5808
Technology,Office Machines,4698.21,-5390.738892
Office Supplies,Labels,43.08,29.7252
Technology,Telephones and Communication,258.93,-187.11
Office Supplies,Storage & Organization,277.6,-139.2872
Office Supplies,Paper,168.04,108
Technology,Telephones and Communication,703.46,377.154
Office Supplies,Binders and Binder Accessories,103.61,-127.052
Technology,Telephones and Communication,3144.56,2169.7464
Furniture,Bookcases,2653.02,-229.93
Office Supplies,Appliances,66.81,-93.7352
Office Supplies,Rubber Bands,90.52,4.53
Office Supplies,Paper,55.97,9.78
Office Supplies,Binders and Binder Accessories,311.66,-63.8135
Technology,Copiers and Fax,9862.51,325.29
Office Supplies,Paper,177.41,-116.05
Office Supplies,Envelopes,406.91,117.38
Technology,Computer Peripherals,1332.09,-144.2
Office Supplies,Paper,105.5,-46.92
Office Supplies,Envelopes,101.73,70.1937
Office Supplies,Binders and Binder Accessories,37.7,-48.2195
Office Supplies,Binders and Binder Accessories,75.81,-63.8135
Technology,Copiers and Fax,2630,325.29
Technology,Computer Peripherals,333.02,-115.36
Office Supplies,Paper,27.76,-46.92
Technology,Office Machines,3855.28,2660.1432
Furniture,Chairs & Chairmats,192.49,-51.116
Office Supplies,Appliances,2560.55,1766.7795
Office Supplies,Paper,227.67,85.875
Furniture,Office Furnishings,8.83,6.0927
Office Supplies,Paper,34.41,20.2996
Office Supplies,Paper,157.27,108.5163
Technology,Telephones and Communication,1013.84,48.47148
Furniture,Bookcases,110.75,-152.76
Office Supplies,Envelopes,181.46,125.2074
Technology,Telephones and Communication,1076.3,281.5344
Office Supplies,Appliances,21.46,64.266
Furniture,Chairs & Chairmats,3506.78,-302.6156
Technology,Computer Peripherals,267.69,5.6916
Furniture,Tables,2307.26,-369.11
Office Supplies,Labels,39.15,27.0135
Technology,Telephones and Communication,266.95,184.1955
Technology,Office Machines,20552.55,4.11
Office Supplies,Appliances,87.8,28.566
Technology,Office Machines,3741.39,2581.5591
Office Supplies,Appliances,149.32,-25.112
Furniture,Office Furnishings,177.01,17.376
Furniture,Office Furnishings,35.16,24.2604
Office Supplies,Binders and Binder Accessories,88.84,59.4405
Furniture,Office Furnishings,696.96,14.48
Furniture,Office Furnishings,149.41,22.25
Office Supplies,Binders and Binder Accessories,4556.63,592.5265
Office Supplies,Pens & Art Supplies,2948.61,232.8
Office Supplies,Binders and Binder Accessories,517.85,38.08
Technology,Computer Peripherals,2373.32,-17.03
Office Supplies,Binders and Binder Accessories,325.73,39.627
Office Supplies,Binders and Binder Accessories,127.94,20.496
Furniture,Chairs & Chairmats,1350.94,103.83
Office Supplies,Storage & Organization,75.17,-24.8976
Office Supplies,Binders and Binder Accessories,1125.76,776.7744
Office Supplies,Pens & Art Supplies,746.03,344.544
Technology,Computer Peripherals,593.33,-8.515
Office Supplies,Labels,13.05,9.0045
Office Supplies,Binders and Binder Accessories,58.95,-99.7625
Technology,Copiers and Fax,3672.89,-3061.82
Technology,Computer Peripherals,374.81,258.6189
Office Supplies,Paper,43.27,-6.71
Office Supplies,Pens & Art Supplies,11.74,-0.01
Furniture,Chairs & Chairmats,5258.94,-421.76
Office Supplies,"Scissors, Rulers and Trimmers",66.74,6.79
Furniture,Chairs & Chairmats,1282.67,-421.76
Office Supplies,Binders and Binder Accessories,208.83,-60.145
Technology,Computer Peripherals,228.3,-111.72
Office Supplies,Envelopes,129.53,33.01
Technology,Computer Peripherals,55.68,-111.72
Office Supplies,Binders and Binder Accessories,568.24,297.45716
Technology,Computer Peripherals,162.91,-564.6024
Technology,Computer Peripherals,97.65,-161.475
Technology,Telephones and Communication,1018.61,-0.814
Furniture,Chairs & Chairmats,1145.6,790.464
Furniture,Office Furnishings,24.52,7.74
Technology,Office Machines,5775.81,3985.3089
Technology,Telephones and Communication,1878.24,13.9568
Furniture,Chairs & Chairmats,1634.67,788.79
Office Supplies,Binders and Binder Accessories,9280.72,-70.14
Technology,Office Machines,1348.83,531.618
Office Supplies,Binders and Binder Accessories,564.98,-107.5135
Furniture,Office Furnishings,129.48,46.01
Technology,Computer Peripherals,8216.28,1489.8
Office Supplies,Binders and Binder Accessories,152.11,-107.5135
Furniture,Office Furnishings,35.97,24.8193
Office Supplies,Binders and Binder Accessories,85.64,-255.1689
Furniture,Chairs & Chairmats,2508.15,74.0048
Office Supplies,Paper,225.62,109.4248
Office Supplies,Appliances,610.65,421.3485
Furniture,Bookcases,699.24,-373.09
Furniture,Tables,2346.03,-3465.072
Office Supplies,Binders and Binder Accessories,33.77,-11.2815
Office Supplies,Storage & Organization,172.79,-218.77
Office Supplies,Rubber Bands,19.66,-9.68
Technology,Office Machines,604.35,-164.3952
Office Supplies,"Scissors, Rulers and Trimmers",3.13,-8.208
Office Supplies,Envelopes,38.65,-2196.684
Technology,Computer Peripherals,378.23,43.538
Office Supplies,Paper,7.15,-11.376
Technology,Office Machines,29.85,533.742
Furniture,Chairs & Chairmats,366.44,-379.344
Technology,Computer Peripherals,69.75,-1522.304
Technology,Telephones and Communication,852.53,588.2457
Furniture,Office Furnishings,219.66,151.5654
Office Supplies,Binders and Binder Accessories,81.9,54.9015
Technology,Office Machines,2343.34,501.51
Office Supplies,Binders and Binder Accessories,327.61,54.9015
Furniture,Chairs & Chairmats,1774.5,875.2844
Technology,Copiers and Fax,1054.69,727.7361
Furniture,Chairs & Chairmats,6654.39,460.676
Technology,Copiers and Fax,4429.69,393.42
Technology,Office Machines,878.34,606.0546
Office Supplies,Storage & Organization,676.57,320.1
Technology,Computer Peripherals,459.55,317.0895
Technology,Telephones and Communication,536.9,250.36272
Office Supplies,Labels,8.74,6.0306
Furniture,Office Furnishings,182.33,125.8077
Technology,Computer Peripherals,131.26,44.892
Office Supplies,Binders and Binder Accessories,240.6,3.451
Technology,Telephones and Communication,236.88,-275.253
Office Supplies,Storage & Organization,2710.47,-746.44
Office Supplies,Storage & Organization,8354.73,-274.95
Office Supplies,Binders and Binder Accessories,48.3,-95.0475
Office Supplies,Binders and Binder Accessories,58.81,3.451
Technology,Telephones and Communication,47.38,-275.253
Office Supplies,Storage & Organization,637.76,-746.44
Office Supplies,Storage & Organization,2156.06,-274.95
Technology,Telephones and Communication,761.16,525.2004
Office Supplies,Binders and Binder Accessories,682.68,-52.647
Office Supplies,Storage & Organization,73.44,-24.44
Technology,Telephones and Communication,2997.07,366.507
Office Supplies,Pens & Art Supplies,282.85,27.38
Office Supplies,Storage & Organization,20.03,-12.7088
Technology,Computer Peripherals,84.56,-5.295
Office Supplies,Pens & Art Supplies,70.71,41.07
Office Supplies,Rubber Bands,51.86,-94.4909
Furniture,Office Furnishings,56.24,-172.298
Technology,Telephones and Communication,627.78,3285.48
Furniture,Office Furnishings,283.44,46.0368
Office Supplies,Labels,8.3,-1.0712
Office Supplies,Labels,10.04,4.4104
Technology,Telephones and Communication,981.65,500.958
Technology,Office Machines,1748.69,1206.5961
Furniture,Office Furnishings,119.29,82.3101
Office Supplies,Labels,3.08,1.2236
Office Supplies,Paper,69.46,-15.6312
Technology,Telephones and Communication,1145.72,790.5468
Office Supplies,Binders and Binder Accessories,26.37,5.466
Office Supplies,Rubber Bands,53.44,-149.1182
Office Supplies,Paper,57.34,-90.26
Technology,Computer Peripherals,79.02,-326.2316
Office Supplies,Binders and Binder Accessories,25.45,16.898
Office Supplies,Envelopes,110.72,20.14
Office Supplies,Appliances,46.94,-21.232
Office Supplies,Labels,26.18,18.0642
Furniture,Office Furnishings,28.66,-93.25
Office Supplies,Storage & Organization,123.18,-163.03
Office Supplies,Appliances,1533.59,23.616
Furniture,Office Furnishings,2.77,-11.0732
Office Supplies,Rubber Bands,31.55,21.7695
Office Supplies,Labels,42.58,29.3802
Office Supplies,Paper,145.36,100.2984
Technology,Telephones and Communication,3616.52,2495.3988
Office Supplies,Pens & Art Supplies,7.96,-0.11
Office Supplies,Storage & Organization,389.59,15.236
Office Supplies,Binders and Binder Accessories,447.89,-42.8536
Technology,Computer Peripherals,1420.84,-20.79
Office Supplies,Binders and Binder Accessories,111.97,-33.21154
Technology,Computer Peripherals,355.21,-20.79
Technology,Telephones and Communication,536.23,369.9987
Office Supplies,Pens & Art Supplies,38.81,20.4536
Technology,Telephones and Communication,2144.92,542.25
Technology,Computer Peripherals,484.56,69.61
Furniture,Tables,471.21,-634.8654
Office Supplies,Appliances,182.61,87.12
Office Supplies,Pens & Art Supplies,36.58,25.2402
Furniture,Tables,2376.12,-94.674645
Furniture,Chairs & Chairmats,1020.08,451.2804
Office Supplies,Envelopes,65.2,44.988
Office Supplies,Rubber Bands,22.59,-20.7328
Office Supplies,Binders and Binder Accessories,121.36,-164.3948
Technology,Office Machines,2013.67,-4793.004
Technology,Telephones and Communication,1824.33,1258.7877
Office Supplies,Envelopes,107.65,74.2785
Office Supplies,Envelopes,165.21,52.92
Office Supplies,Pens & Art Supplies,25.15,-66.35
Furniture,Chairs & Chairmats,4285.56,1399.64
Office Supplies,Storage & Organization,631.37,232.642
Office Supplies,Storage & Organization,267.83,-409.3736
Office Supplies,Paper,21.46,-29.07
Office Supplies,Appliances,2767.95,1909.8855
Office Supplies,Binders and Binder Accessories,123.03,-76.9925
Furniture,Office Furnishings,431.84,297.9696
Furniture,Chairs & Chairmats,2366.51,1318.83
Technology,Telephones and Communication,291.64,36.216
Office Supplies,Binders and Binder Accessories,252.36,134.16825
Technology,Telephones and Communication,575.07,253.3032
Furniture,Bookcases,1781.66,-723.784
Furniture,Office Furnishings,940.64,589.188
Furniture,Tables,439.27,-1314.992
Office Supplies,Binders and Binder Accessories,4410.19,3043.0311
Technology,Computer Peripherals,552.89,-44.624
Office Supplies,Appliances,621.56,309.254
Technology,Computer Peripherals,88.83,61.2927
Office Supplies,Paper,307.65,91.73
Office Supplies,Paper,76.91,53.0679
Furniture,Office Furnishings,151.34,-14.6432
Technology,Computer Peripherals,290.24,-127.56
Office Supplies,Storage & Organization,971.4,282.18
Technology,Telephones and Communication,193.51,-96.338
Office Supplies,Binders and Binder Accessories,157.81,-23.35788
Office Supplies,Storage & Organization,19.44,-18.2416
Office Supplies,Storage & Organization,4636.63,1428.9104
Technology,Office Machines,739.07,509.9583
Furniture,Office Furnishings,157.64,-255.65
Office Supplies,Paper,42.16,-76.54
Furniture,Office Furnishings,14.08,-10.09
Office Supplies,Storage & Organization,256.73,-92.87
Office Supplies,Binders and Binder Accessories,18.59,-298.886
Office Supplies,Paper,58.83,-145.852
Furniture,Tables,1557.66,-27.951
Office Supplies,Labels,129.43,-3.6547
Office Supplies,Pens & Art Supplies,61.39,731.922
Technology,Telephones and Communication,2435.52,186.558
Technology,Telephones and Communication,464.86,-138.0368
Office Supplies,Binders and Binder Accessories,288.67,199.1823
Office Supplies,Paper,1030.51,711.0519
Furniture,Chairs & Chairmats,2026.91,-899.675
Office Supplies,Paper,115.53,-189.224
Office Supplies,Pens & Art Supplies,162.39,0.51
Technology,Telephones and Communication,1316.03,-52.248
Technology,Computer Peripherals,1395.41,70.176
Office Supplies,Binders and Binder Accessories,4920.81,-161.924
Office Supplies,Labels,28.22,-157.696
Technology,Computer Peripherals,74.01,-56.446
Office Supplies,Paper,48.1,33.189
Technology,Copiers and Fax,11015.82,-367.165
Office Supplies,Storage & Organization,300.67,-243.544
Furniture,Tables,723.54,-337.092
Office Supplies,Paper,87.53,68.676
Office Supplies,Appliances,172.22,481.032
Furniture,Tables,894.88,-4.018
Office Supplies,Labels,16.67,-2.0097
Office Supplies,Paper,195.16,-477.372
Office Supplies,Appliances,879.62,-954.758
Technology,Computer Peripherals,361.19,219.4734
Furniture,Chairs & Chairmats,1088.26,-390.768
Office Supplies,Paper,105.75,-155.21
Furniture,Office Furnishings,63.93,-6.642
Technology,Computer Peripherals,391.4,27.234
Office Supplies,Envelopes,14.53,-8.398
Furniture,Office Furnishings,144.03,83.7936
Office Supplies,Binders and Binder Accessories,48.81,-77.82372
Furniture,Chairs & Chairmats,7360.2,5078.538
Furniture,Office Furnishings,89.06,23.276
Office Supplies,Pens & Art Supplies,134.97,17.754
Office Supplies,Paper,17.42,-3.9312
Office Supplies,Rubber Bands,19.12,2.4548
Furniture,Tables,186.64,-537.2797773
Office Supplies,Binders and Binder Accessories,3.53,-14.35982
Technology,Copiers and Fax,706.56,-2870.2776
Technology,Office Machines,13121.07,77.9836
Office Supplies,Binders and Binder Accessories,110.93,-200.859
Office Supplies,"Scissors, Rulers and Trimmers",118.35,-33.2956
Office Supplies,Binders and Binder Accessories,17.31,-90.5855
Office Supplies,Storage & Organization,23.56,-36.9
Technology,Computer Peripherals,494.49,341.1981
Office Supplies,"Scissors, Rulers and Trimmers",158.13,-175.13
Technology,Telephones and Communication,163.01,3.96
Office Supplies,Binders and Binder Accessories,333.04,1.6169
Technology,Computer Peripherals,472.44,65.394
Office Supplies,Storage & Organization,18.73,1.336
Technology,Office Machines,2427.18,1674.7542
Office Supplies,Paper,434.85,300.0465
Office Supplies,Storage & Organization,19.16,-28.09
Furniture,Tables,1959.88,-263.1119291
Office Supplies,Storage & Organization,710.16,-38.808
Furniture,Office Furnishings,48.25,15.984
Office Supplies,Pens & Art Supplies,243.24,-88.158
Technology,Computer Peripherals,38.54,-76.1068
Technology,Office Machines,1483.16,-73.49412
Technology,Office Machines,562.93,-272.860884
Office Supplies,Pens & Art Supplies,29.18,10.5792
Furniture,Office Furnishings,1634.13,1127.5497
Office Supplies,Paper,214.14,147.7566
Furniture,Office Furnishings,100.79,69.5451
Office Supplies,Rubber Bands,35.97,8.53
Office Supplies,Appliances,735.7,507.633
Office Supplies,"Scissors, Rulers and Trimmers",225.59,38.23
Office Supplies,Appliances,145.12,100.1328
Technology,Computer Peripherals,94.27,15.096
Office Supplies,Labels,82.21,14.9124
Technology,Telephones and Communication,417.47,-135.226
Office Supplies,Storage & Organization,1104.32,-457.73
Technology,Telephones and Communication,149.8,-268.664
Office Supplies,Paper,6.97,-8.28
Technology,Computer Peripherals,367.52,1912.422
Office Supplies,Storage & Organization,1576.35,-739.326
Office Supplies,Labels,52.16,-40.53
Office Supplies,Binders and Binder Accessories,4881.84,0.696
Furniture,Chairs & Chairmats,926.3,15.528
Office Supplies,Paper,942.53,-225.5638
Furniture,Office Furnishings,276.64,-22.72
Office Supplies,Envelopes,514.62,-163.53
Furniture,Office Furnishings,817.32,554.77
Furniture,Office Furnishings,284.48,-38.38
Office Supplies,Paper,225.98,-56.35
Furniture,Office Furnishings,72.77,-19.9576
Office Supplies,Paper,57.7,-56.35
Furniture,Office Furnishings,19.67,-129.01
Office Supplies,Storage & Organization,514.79,-628.38
Technology,Telephones and Communication,893.53,616.5357
Office Supplies,Storage & Organization,2053.6,-143.235
Office Supplies,"Scissors, Rulers and Trimmers",37.89,-123.1816
Office Supplies,Paper,343.79,-28.798
Office Supplies,Envelopes,188.09,-273.98
Office Supplies,Storage & Organization,129.54,-253.778
Office Supplies,Binders and Binder Accessories,49.44,-152.5245
Office Supplies,Paper,14.29,-18.85
Office Supplies,Appliances,45.28,-220.052
Office Supplies,Paper,13.57,20.39337
Office Supplies,Envelopes,55.48,38.2812
Technology,Telephones and Communication,5319.35,3670.3515
Office Supplies,Binders and Binder Accessories,30.44,21.0035
Office Supplies,Storage & Organization,3251.76,13.536
Furniture,Office Furnishings,22.48,-167.048
Office Supplies,Pens & Art Supplies,267.32,-31.094
Technology,Office Machines,284.39,-6.202
Furniture,Chairs & Chairmats,974.14,-48.874
Technology,Computer Peripherals,128.13,-144.592
Office Supplies,Storage & Organization,464.94,-258.566
Technology,Computer Peripherals,2188.06,13.508
Office Supplies,Paper,320.93,-66.48
Office Supplies,Storage & Organization,261.85,-52.33
Office Supplies,Storage & Organization,1834.61,-59.06
Technology,Telephones and Communication,261.56,149.166
Office Supplies,Storage & Organization,114.81,-76.9
Office Supplies,Paper,546.21,376.8849
Technology,Telephones and Communication,272.86,-88.6248
Office Supplies,Appliances,2119.54,-662.52
Office Supplies,Binders and Binder Accessories,45737.33,9228.2256
Office Supplies,Paper,438.25,-32.28
Office Supplies,Appliances,561.06,-596.268
Office Supplies,Binders and Binder Accessories,11434.33,7889.6877
Technology,Telephones and Communication,3229.24,1545.80976
Office Supplies,Paper,101.13,-16.14
Furniture,Office Furnishings,451.83,-130.424
Office Supplies,Pens & Art Supplies,20.24,-106.421
Technology,Telephones and Communication,1486.34,-16476.838
Office Supplies,Paper,406.26,-108.2725
Furniture,Tables,5835.41,-90.748
Technology,Telephones and Communication,52.1,-121.05808
Office Supplies,Labels,45.87,-51.737
Furniture,Office Furnishings,256.77,116.5063
Furniture,Tables,605.82,-247.55157
Technology,Telephones and Communication,1569,-277.20924
Furniture,Tables,151.46,-93.0645
Office Supplies,Labels,10.19,-48.236
Furniture,Office Furnishings,64.19,44.2911
Technology,Computer Peripherals,118.57,43.2752
Technology,Office Machines,79.47,-36.21462
Technology,Telephones and Communication,627.28,7.03296
Technology,Telephones and Communication,1160.42,-16.772
Furniture,Office Furnishings,103.37,514.1772
Furniture,Office Furnishings,40.22,235.656
Office Supplies,Binders and Binder Accessories,52.43,3.5581
Technology,Computer Peripherals,818.49,5.3397
Office Supplies,Appliances,410.17,-807.89
Office Supplies,Binders and Binder Accessories,269.54,123.89175
Office Supplies,Paper,106.57,-53.898
Office Supplies,Paper,38.41,26.5029
Office Supplies,Paper,131.34,90.6246
Furniture,Office Furnishings,251.61,-20.8764
Technology,Office Machines,287.99,6.48324
Office Supplies,Paper,46.86,2.332
Office Supplies,Paper,658.62,454.4478
Furniture,Office Furnishings,21.96,15.1524
Office Supplies,Pens & Art Supplies,24.57,-90.7556
Technology,Telephones and Communication,1008.53,960.984
Furniture,Bookcases,6968.9,-13706.464
Office Supplies,"Scissors, Rulers and Trimmers",41.29,300.9258
Technology,Computer Peripherals,88.64,-40.76
Technology,Computer Peripherals,1300.54,-986.524
Office Supplies,Pens & Art Supplies,38.06,-141.666
Technology,Office Machines,1263.35,47.334
Office Supplies,Pens & Art Supplies,202.38,60.5616
Technology,Office Machines,56.38,-47.243088
Office Supplies,Paper,119.13,9.154
Office Supplies,Pens & Art Supplies,809.51,40.92
Furniture,Office Furnishings,643.64,149.72
Technology,Office Machines,244.31,-52.49232
Office Supplies,Paper,466.58,7.96
Technology,Telephones and Communication,2290.69,-459.0828
Office Supplies,Storage & Organization,337.59,-517.17
Office Supplies,Paper,10.65,-7.61
Office Supplies,Pens & Art Supplies,55.13,38.0397
Furniture,Bookcases,215.32,-429.86
Technology,Telephones and Communication,382.85,264.1665
Office Supplies,Paper,44.8,-47.12
Office Supplies,Binders and Binder Accessories,100.99,-101.246
Technology,Computer Peripherals,142.06,-1.88
Furniture,Office Furnishings,58.52,-11.69
Office Supplies,Binders and Binder Accessories,363.74,250.9806
Office Supplies,Binders and Binder Accessories,15.93,-57.753
Office Supplies,Storage & Organization,21.28,-47.97
Technology,Telephones and Communication,675.83,-219.07908
Office Supplies,Paper,28,-18.8784
Office Supplies,Binders and Binder Accessories,535.08,369.2052
Technology,Telephones and Communication,222.71,19.35
Technology,Telephones and Communication,220.52,-967.834
Office Supplies,Paper,68.34,-28.45
Technology,Computer Peripherals,522.22,72.78
Office Supplies,Binders and Binder Accessories,28.01,13.2294
Furniture,Office Furnishings,80.35,-88.82
Office Supplies,Envelopes,99.69,15.354
Office Supplies,Paper,152.49,-357.924
Technology,Telephones and Communication,320.75,34.302
Office Supplies,Paper,11.35,-7.96
Technology,Office Machines,7029.1,4407.44
Office Supplies,Storage & Organization,1059.38,-1025.0172
Furniture,Tables,2233.46,429.754356
Furniture,Chairs & Chairmats,928.92,588.54
Furniture,Chairs & Chairmats,3845.35,2653.2915
Office Supplies,Pens & Art Supplies,3.77,-1.84
Office Supplies,Envelopes,343.54,237.0426
Office Supplies,Binders and Binder Accessories,3627.08,2502.6852
Office Supplies,Envelopes,8.34,0.688
Office Supplies,Binders and Binder Accessories,63.32,36.906
Technology,Office Machines,83.72,-216.0298
Technology,Telephones and Communication,1011.44,-45.472
Furniture,Office Furnishings,132.23,16.1364
Furniture,Office Furnishings,210.33,-29.61
Office Supplies,Binders and Binder Accessories,168.04,125.724
Technology,Telephones and Communication,882.93,114.882
Furniture,Tables,1757.15,-14.448
Office Supplies,Binders and Binder Accessories,1786.04,-42.546
Office Supplies,Rubber Bands,34.76,14
Furniture,Chairs & Chairmats,561.65,52.988
Office Supplies,Appliances,413.73,285.4737
Office Supplies,Appliances,55.6,10.508
Furniture,Office Furnishings,2099.61,1448.7309
Office Supplies,Rubber Bands,96.6,1.004
Technology,Computer Peripherals,558.17,-521.09
Office Supplies,"Scissors, Rulers and Trimmers",8.39,-29.49
Office Supplies,Appliances,559.43,386.0067
Furniture,Chairs & Chairmats,1216.52,-1867.97
Furniture,Office Furnishings,1058.36,-1920.9336
Office Supplies,Paper,18.31,-37.1752
Furniture,Tables,4935.22,-213.4028
Office Supplies,Paper,51.03,-15.48
Technology,Computer Peripherals,746.91,-50.245
Technology,Computer Peripherals,77.47,-387.1044
Technology,Computer Peripherals,204.34,-55.97
Furniture,Office Furnishings,206.04,-66.2473
Office Supplies,Paper,475.42,-171.1577
Office Supplies,Paper,3598.82,624.239
Office Supplies,Paper,41.22,-14.3241
Office Supplies,Paper,875.39,604.0191
Office Supplies,Paper,8.24,-11.6316
Office Supplies,Appliances,641.11,442.3659
Office Supplies,Envelopes,35.48,-259.756
Furniture,Chairs & Chairmats,2130.04,1469.7276
Technology,Office Machines,82.8,-83.55306
Office Supplies,Appliances,99.02,-16.89
Office Supplies,Envelopes,46.4,25.51
Furniture,Bookcases,551.51,-850.6524
Office Supplies,Pens & Art Supplies,142.79,98.5251
Office Supplies,Paper,585.08,214.23
Technology,Telephones and Communication,72.75,21.8834
Technology,Computer Peripherals,269.33,290.202
Office Supplies,Storage & Organization,377,12.146
Technology,Telephones and Communication,42.99,5.687
Furniture,Office Furnishings,65.69,-181.102
Furniture,Chairs & Chairmats,2748.21,882.93
Office Supplies,Paper,93.19,6.6804
Technology,Computer Peripherals,363.37,46.29
Office Supplies,Paper,480.75,177.79
Office Supplies,Pens & Art Supplies,16.88,-14.9904
Office Supplies,Paper,925.19,638.3811
Technology,Telephones and Communication,408.66,17.652
Technology,Computer Peripherals,122.93,739.674
Office Supplies,Binders and Binder Accessories,32.66,-23.156
Office Supplies,Envelopes,14.85,-10.435
Office Supplies,Binders and Binder Accessories,45,-78.91668
Technology,Office Machines,6569.07,-13562.63741
Office Supplies,Paper,88.22,-63.35
Office Supplies,Pens & Art Supplies,40.29,-8.904
Technology,Computer Peripherals,151.27,88.72
Office Supplies,Labels,10.51,7.2519
Office Supplies,Paper,74.93,-191.49
Furniture,Bookcases,1370.99,-1330.5
Technology,Office Machines,1913.84,1320.5496
Technology,Telephones and Communication,2692.12,1585.503
Office Supplies,Paper,762.38,526.0422
Office Supplies,Rubber Bands,36.72,-40.432
Technology,Computer Peripherals,305.71,-88.61
Office Supplies,Paper,277.12,109.16
Technology,Telephones and Communication,100.11,-136.122
Office Supplies,Paper,31.54,-27.375
Furniture,Tables,4634.69,-435.7575
Furniture,Tables,7304.03,682.53
Technology,Telephones and Communication,632.65,-277.222
Technology,Computer Peripherals,290.98,-266.686
Office Supplies,Pens & Art Supplies,21.77,-12.278
Technology,Computer Peripherals,384.22,265.1118
Office Supplies,Envelopes,31.64,9.5608
Technology,Telephones and Communication,565.36,390.0984
Office Supplies,Paper,32.76,46.65
Technology,Computer Peripherals,336.92,-1250.746
Office Supplies,Pens & Art Supplies,114.91,374.904
Technology,Telephones and Communication,934.52,-528.836
Furniture,Bookcases,260.66,-272.7132
Office Supplies,Binders and Binder Accessories,4249.37,-162.694
Furniture,Chairs & Chairmats,6676.61,-115.9039
Technology,Computer Peripherals,291.4,-729.988
Office Supplies,Storage & Organization,146.5,-133.546
Technology,Telephones and Communication,38.98,272.694
Office Supplies,Binders and Binder Accessories,34.16,-61.6
Technology,Computer Peripherals,120.34,66.852
Technology,Telephones and Communication,153.61,17.8398
Technology,Computer Peripherals,1414.88,976.2672
Office Supplies,Labels,33.63,23.2047
Technology,Telephones and Communication,1063.81,183.843
Office Supplies,Paper,242.7,167.463
Furniture,Bookcases,3377.06,1307.2692
Furniture,Office Furnishings,123.93,-15.8184
Office Supplies,Paper,93.96,-55.8324
Furniture,Chairs & Chairmats,1818.41,550.3808
Office Supplies,Rubber Bands,8.95,1.68
Office Supplies,Appliances,652.84,450.4596
Technology,Copiers and Fax,12750.99,8798.1831
Office Supplies,Paper,20.54,-5.385
Furniture,Tables,7840.04,3031.9724
Technology,Computer Peripherals,1094.33,138.018
Furniture,Office Furnishings,389.97,38.874
Office Supplies,Appliances,84.59,-45.528
Technology,Office Machines,9666.72,567.59
Office Supplies,Paper,134.58,-28.45
Office Supplies,Paper,33.65,-14.225
Office Supplies,Pens & Art Supplies,66.12,-601.804
Office Supplies,Labels,3.07,38.406
Furniture,Chairs & Chairmats,255.83,53.1144
Office Supplies,Storage & Organization,421.18,8.742
Furniture,Chairs & Chairmats,1377.46,636.522
Furniture,Chairs & Chairmats,6600.63,4554.4347
Technology,Telephones and Communication,1811.99,618.19308
Technology,Office Machines,799.76,-15.1844
Technology,Computer Peripherals,609.09,-61.194
Furniture,Tables,2761.94,18.174
Office Supplies,Paper,33.95,-49.53
Furniture,Bookcases,302.34,-407.85
Technology,Computer Peripherals,334.44,-191.2576
Technology,Telephones and Communication,556.61,196.52328
Office Supplies,Paper,64.48,-343.868
Technology,Office Machines,4845.27,-3971.0628
Office Supplies,Binders and Binder Accessories,19.68,-18.4782
Technology,Copiers and Fax,9798.84,-381.8412
Office Supplies,Pens & Art Supplies,154.11,12.5504
Office Supplies,Storage & Organization,242.97,45.3324
Office Supplies,Storage & Organization,200.61,33.66
Furniture,Office Furnishings,237.83,15.678
Office Supplies,Storage & Organization,53.02,52.776
Furniture,Chairs & Chairmats,248.84,-162.8244
Office Supplies,Binders and Binder Accessories,7.21,-6.93082
Furniture,Office Furnishings,253.87,-118.54
Technology,Office Machines,5880.46,2963.48
Furniture,Office Furnishings,577.25,398.3025
Technology,Office Machines,4075.18,709.852
Furniture,Tables,1798.23,80.8092
Office Supplies,Paper,727.2,371.272
Furniture,Tables,6173.42,77.0008954
Technology,Telephones and Communication,1553.7,27.9686
Office Supplies,Binders and Binder Accessories,18.68,-66.77958
Office Supplies,Pens & Art Supplies,36.3,-144.9188
Office Supplies,Pens & Art Supplies,16.03,-5.0716
Office Supplies,Pens & Art Supplies,25.35,-1.18
Office Supplies,Rubber Bands,19.32,-203.098
Office Supplies,Envelopes,86.8,-48.57
Office Supplies,Envelopes,381.91,-48.57
Office Supplies,Pens & Art Supplies,761.67,-47.28
Technology,Telephones and Communication,5014.07,722.241
Office Supplies,Pens & Art Supplies,186.19,-161
Technology,Telephones and Communication,1227.94,848.3646
Technology,Computer Peripherals,294.97,-88.8408
Technology,Computer Peripherals,2458.05,1208.9904
Office Supplies,Storage & Organization,2465.75,9.9912
Technology,Computer Peripherals,650.25,126.225
Furniture,Office Furnishings,272.12,187.7628
Office Supplies,Pens & Art Supplies,428.85,295.9065
Office Supplies,Storage & Organization,342.54,-2111.36
Furniture,Office Furnishings,27.96,-9.13
Furniture,Chairs & Chairmats,1635.38,357.428
Office Supplies,Labels,58.48,40.3512
Office Supplies,Paper,40.05,27.6345
Technology,Office Machines,1117.66,751.58
Technology,Office Machines,807,-663.5142
Furniture,Chairs & Chairmats,169.46,-157.56
Furniture,Tables,5768.12,-87.99804
Technology,Computer Peripherals,55.25,-35.2904
Technology,Telephones and Communication,551.22,-74.8836
Office Supplies,Paper,83.93,-98.056
Office Supplies,Storage & Organization,193.88,-425.2084
Technology,Copiers and Fax,990.25,631.33
Office Supplies,Pens & Art Supplies,14.76,-22.176
Technology,Computer Peripherals,808.44,-214.104
Office Supplies,Paper,67.41,-26.936
Furniture,Office Furnishings,55.08,-324.73
Furniture,Chairs & Chairmats,1608.11,1500.12
Office Supplies,Storage & Organization,99.75,-313.0218
Furniture,Office Furnishings,51.41,-192.5532
Office Supplies,Labels,68.72,-464.282
Office Supplies,Paper,618.96,156.7434
Office Supplies,Paper,77.54,110.118
Office Supplies,Appliances,361.72,-42.588
Furniture,Chairs & Chairmats,1373.47,-222.95
Office Supplies,Paper,91.92,7.6245
Office Supplies,Envelopes,73.29,-1676.612
Technology,Office Machines,2961.32,45.1278
Office Supplies,Labels,87.11,-52.864
Technology,Telephones and Communication,170.46,45.378
Office Supplies,Labels,4.95,4949.916
Technology,Office Machines,461.24,1055.604
Office Supplies,Appliances,577.75,359.83
Office Supplies,Binders and Binder Accessories,59.4,-69.874
Office Supplies,Paper,66.46,-135.74
Office Supplies,Appliances,35.35,-14.52
Office Supplies,Envelopes,248.21,171.2649
Furniture,Tables,4086.5,138.222
Office Supplies,Appliances,375.03,711.2448
Office Supplies,Rubber Bands,22.11,-1084.846963
Technology,Telephones and Communication,2875.35,-156.772
Office Supplies,"Scissors, Rulers and Trimmers",78.08,-37.6
Office Supplies,Appliances,2013.88,1389.5772
Technology,Telephones and Communication,201.32,-222.816
Furniture,Office Furnishings,298.51,-133.71
Technology,Telephones and Communication,3846.06,2653.7814
Office Supplies,Envelopes,35.93,10.32
Technology,Telephones and Communication,1610.84,997.38144
Office Supplies,Paper,86.12,-36.0308
Office Supplies,Appliances,76.87,-28.954
Office Supplies,Storage & Organization,374.6,-85.022
Office Supplies,Labels,61.87,99.198
Office Supplies,Paper,48.88,136.0314
Office Supplies,Paper,21.56,-100.072
Office Supplies,Paper,164.67,-12.0267
Office Supplies,Paper,72.74,122.508
Office Supplies,Pens & Art Supplies,418.75,-12.0267
Office Supplies,Storage & Organization,469.59,34.068
Furniture,Office Furnishings,136.25,2.97
Office Supplies,Appliances,558.41,385.3029
Office Supplies,Appliances,290.22,187.2
Technology,Computer Peripherals,1129.67,779.4723
Furniture,Chairs & Chairmats,2439.37,27.726
Office Supplies,Labels,92.02,244.464
Furniture,Tables,283.55,-473.578
Furniture,Chairs & Chairmats,9757.48,-96.05
Furniture,Tables,850.64,-270.85
Office Supplies,Envelopes,1159.79,800.2551
Furniture,Office Furnishings,20.22,-50.4
Office Supplies,Storage & Organization,1548.97,-348.754
Office Supplies,Appliances,337.86,-550.43
Office Supplies,Pens & Art Supplies,84.21,-52.12
Technology,Computer Peripherals,38.74,-27.005
Office Supplies,Binders and Binder Accessories,134.09,74.6385
Furniture,Chairs & Chairmats,191.73,-122.235
Furniture,Office Furnishings,618.85,427.0065
Office Supplies,Appliances,115.99,-190.49
Office Supplies,Pens & Art Supplies,19.46,-8.77
Office Supplies,Rubber Bands,44.75,-7.685
Furniture,Office Furnishings,9.23,-82.5592
Office Supplies,Binders and Binder Accessories,96.13,18.1475
Office Supplies,Envelopes,73.96,2.806
Furniture,Chairs & Chairmats,1805.9,-132.426
Furniture,Tables,311.41,-411.236
Technology,Office Machines,3707.05,-48.972
Furniture,Tables,2805.18,62.298
Office Supplies,Paper,80.86,-119.32
Office Supplies,Storage & Organization,1096.63,756.6747
Technology,Telephones and Communication,632.12,-222.343
Furniture,Tables,1302.98,-1537.1356
Office Supplies,Pens & Art Supplies,131.79,52.6976
Technology,Telephones and Communication,35.33,-78.19416
Furniture,Office Furnishings,674.55,465.4395
Furniture,Tables,1721.24,-89.27
Furniture,Office Furnishings,668.38,385.37
Technology,Telephones and Communication,324.62,147
Office Supplies,"Scissors, Rulers and Trimmers",40.93,-1045.016
Office Supplies,Paper,53.42,167.16
Technology,Computer Peripherals,8.49,-344.82
Furniture,Office Furnishings,69.89,-61.5276
Office Supplies,Paper,77.42,-41.9727
Office Supplies,Pens & Art Supplies,7.2,-1.56
Office Supplies,Pens & Art Supplies,61.29,-100.24
Office Supplies,Storage & Organization,109.15,-262.62
Office Supplies,Binders and Binder Accessories,1477.84,1019.7096
Office Supplies,Pens & Art Supplies,29.08,19.04
Office Supplies,Appliances,1162.46,-1069.72
Office Supplies,Pens & Art Supplies,109.86,19.04
Office Supplies,Binders and Binder Accessories,5911.35,1408.1865
Office Supplies,Appliances,4649.85,-1069.72
Furniture,Chairs & Chairmats,2259.99,2000.11
Technology,Computer Peripherals,42.46,-45.64
Office Supplies,Envelopes,314.06,204.49
Technology,Office Machines,1009.99,-1455.9972
Office Supplies,Paper,92.16,-22.56
Office Supplies,Paper,16.5,-1191.526
Furniture,Office Furnishings,1202.66,-45.01
Office Supplies,Binders and Binder Accessories,196.69,39.21
Office Supplies,Binders and Binder Accessories,40.28,100.38
Office Supplies,Appliances,904.31,79.4232
Office Supplies,Paper,96.86,-15.0904
Technology,Telephones and Communication,765.65,-60.564
Office Supplies,Pens & Art Supplies,8.72,-1473.906
Technology,Copiers and Fax,6355.69,-343.126
Office Supplies,Pens & Art Supplies,28.09,66.36
Office Supplies,Appliances,1130.15,-162.918
Office Supplies,Binders and Binder Accessories,54.37,859.7178
Office Supplies,Paper,100.87,-23.072
Furniture,Chairs & Chairmats,1857.08,650.3
Office Supplies,Binders and Binder Accessories,42.56,-154.307
Technology,Computer Peripherals,414.91,269.94
Furniture,Office Furnishings,91.39,63.0591
Office Supplies,Appliances,202.29,139.5801
Furniture,Office Furnishings,168.71,109.67
Office Supplies,Paper,885.65,395.308
Office Supplies,Binders and Binder Accessories,152.05,104.9145
Office Supplies,Pens & Art Supplies,49.1,24.59
Technology,Telephones and Communication,246.44,-458.744
Office Supplies,Binders and Binder Accessories,199.08,-9.177
Office Supplies,Storage & Organization,2039.07,-121.75
Office Supplies,Storage & Organization,436.94,24.35
Office Supplies,Binders and Binder Accessories,37.38,-34.7645
Office Supplies,Binders and Binder Accessories,47.4,-7.3416
Technology,Office Machines,260,35.29
Furniture,Office Furnishings,709.7,-100.17
Technology,Computer Peripherals,27.42,-3.948
Office Supplies,Binders and Binder Accessories,739.06,1633.986
Office Supplies,Pens & Art Supplies,30.47,-2002.6314
Office Supplies,Paper,96.96,-126.208
Office Supplies,Pens & Art Supplies,4.21,-5.54
Technology,Copiers and Fax,3550.28,-68.432
Technology,Computer Peripherals,1188.63,733.2822
Furniture,Office Furnishings,1009.93,-905.9904
Office Supplies,Binders and Binder Accessories,140.7,-21.63242
Office Supplies,Paper,15.95,-35.04
Office Supplies,"Scissors, Rulers and Trimmers",42.35,5.98
Office Supplies,Paper,63.78,-35.04
Office Supplies,Pens & Art Supplies,451.61,149.53
Furniture,Office Furnishings,10.41,608.262
Furniture,Tables,2849.64,-570.1696
Office Supplies,Binders and Binder Accessories,38.04,1.278
Office Supplies,Labels,42.53,424.29
Office Supplies,Binders and Binder Accessories,14.77,-3.71956
Technology,Computer Peripherals,438.33,101.972
Office Supplies,Paper,38.11,-16.6348
Office Supplies,Binders and Binder Accessories,169.46,765.75
Technology,Telephones and Communication,724.57,-335.041
Office Supplies,Labels,51.13,35.2797
Office Supplies,Binders and Binder Accessories,79.61,-188.034
Office Supplies,Paper,109.99,322.122
Office Supplies,Storage & Organization,900.12,366.54
Furniture,Tables,237.62,-439.908
Technology,Telephones and Communication,176.42,1087.716
Furniture,Chairs & Chairmats,2084.16,9.204
Office Supplies,Labels,43.41,257.0832
Office Supplies,Pens & Art Supplies,46.42,0.7854
Furniture,Office Furnishings,1140.95,88.56
Office Supplies,Labels,42.69,12.726
Office Supplies,Pens & Art Supplies,327.41,160.8066
Technology,Office Machines,3786.84,-1596.7458
Office Supplies,Storage & Organization,2012.11,1388.3559
Technology,Telephones and Communication,471.66,109.836
Furniture,Tables,662.8,-93.85
Technology,Computer Peripherals,119.86,82.7034
Furniture,Tables,2651.21,-93.85
Office Supplies,Pens & Art Supplies,38.96,0.37
Office Supplies,Storage & Organization,8048.45,1947.67
Technology,Telephones and Communication,1939.03,109.836
Technology,Computer Peripherals,457.63,128.03
Office Supplies,Labels,170.75,31.752
Office Supplies,Pens & Art Supplies,1339.42,117.208
Office Supplies,Pens & Art Supplies,8.66,0.37
Furniture,Chairs & Chairmats,10554.63,1240.25
Furniture,Tables,1749.64,-533.232
Furniture,Office Furnishings,355.4,-61.59
Office Supplies,Pens & Art Supplies,148.36,-46.25
Furniture,Chairs & Chairmats,2814.57,1240.25
Furniture,Office Furnishings,88.85,-32.0268
Office Supplies,Binders and Binder Accessories,70.82,-45.816
Office Supplies,Paper,90.44,30.63
Office Supplies,Paper,10.72,-6.835
Technology,Copiers and Fax,10180.01,7024.2069
Office Supplies,Binders and Binder Accessories,42.44,-137.494
Office Supplies,Paper,462.57,308.67
Office Supplies,Paper,125.37,-223.944
Office Supplies,Storage & Organization,190.85,36.495
Office Supplies,Paper,370.68,255.7692
Technology,Telephones and Communication,2400.95,1656.6555
Technology,Office Machines,7303.05,2639.01
Office Supplies,Binders and Binder Accessories,58.05,395.76
Office Supplies,Pens & Art Supplies,68.64,-39.396
Technology,Computer Peripherals,277.07,-89.5
Office Supplies,Paper,51.99,28.4
Technology,Telephones and Communication,149.67,103.2723
Office Supplies,Labels,61.1,215.718
Office Supplies,Storage & Organization,193.81,106.9848
Furniture,Office Furnishings,257.48,3.54
Technology,Telephones and Communication,3194.99,40.284
Technology,Office Machines,202.98,90.024
Office Supplies,Paper,10.86,2.232
Technology,Telephones and Communication,1477.57,840.051
Office Supplies,Paper,382.29,61.47
Office Supplies,Pens & Art Supplies,881.74,18.27
Furniture,Tables,7384.18,-513.79042
Office Supplies,Pens & Art Supplies,448.26,23.87
Office Supplies,Paper,95.57,61.47
Office Supplies,Pens & Art Supplies,214.48,18.27
Furniture,Tables,1790.1,-513.79042
Office Supplies,Pens & Art Supplies,110.68,35.805
Technology,Telephones and Communication,385.45,265.9605
Office Supplies,Binders and Binder Accessories,19.32,-20.3205
Office Supplies,Pens & Art Supplies,30.1,-88.04
Office Supplies,Binders and Binder Accessories,261.21,180.2349
Office Supplies,Labels,42.79,29.5251
Furniture,Chairs & Chairmats,1828.22,1261.4718
Office Supplies,Binders and Binder Accessories,29.77,-59.96376
Furniture,Office Furnishings,147.19,89.4148
Office Supplies,Binders and Binder Accessories,39.17,27.0273
Office Supplies,Appliances,87.85,-150.2604
Furniture,Chairs & Chairmats,7429.63,4899.1288
Furniture,Office Furnishings,224.29,44.712
Furniture,Office Furnishings,51.2,-22.626
Furniture,Chairs & Chairmats,29718.53,4260.112
Furniture,Office Furnishings,197.48,-25.14
Office Supplies,Binders and Binder Accessories,46.85,309.7116
Office Supplies,Rubber Bands,93.57,-128.856
Furniture,Tables,2694.49,-36.946
Furniture,Tables,174.5,-274.498
Furniture,Office Furnishings,26.01,0.588
Technology,Office Machines,1527.97,-251.4039
Office Supplies,Paper,110.86,-2.345
Office Supplies,Labels,97.98,67.6062
Office Supplies,Paper,127.83,-46.5244
Furniture,Office Furnishings,289.88,200.0172
Office Supplies,Storage & Organization,4354.55,-39.606
Technology,Telephones and Communication,146.17,311.73
Office Supplies,"Scissors, Rulers and Trimmers",42.02,-50.75
Technology,Telephones and Communication,3705.14,2225.07612
Technology,Office Machines,945.36,-338.180832
Office Supplies,Binders and Binder Accessories,49.24,-136.252
Office Supplies,Appliances,68.45,-25.76
Office Supplies,Pens & Art Supplies,44.75,-45.21
Office Supplies,Appliances,40.69,-286.245
Office Supplies,Envelopes,130.11,16.12
Technology,Telephones and Communication,337.34,-815.9008
Office Supplies,Pens & Art Supplies,280.43,15.808
Office Supplies,Pens & Art Supplies,103.39,29.17
Office Supplies,Storage & Organization,435.39,-48.97
Office Supplies,Appliances,1051.52,84.05
Office Supplies,Pens & Art Supplies,25.85,17.8365
Office Supplies,Pens & Art Supplies,119.37,-20.2228
Office Supplies,Appliances,257.92,381.618
Office Supplies,Pens & Art Supplies,207.22,-177.058
Office Supplies,Binders and Binder Accessories,237.8,164.082
Office Supplies,Labels,448.47,-54.63
Furniture,Office Furnishings,1000.26,690.1794
Furniture,Office Furnishings,2184.99,1507.6431
Technology,Office Machines,1191.2,801.7468
Technology,Telephones and Communication,165.71,-139.18256
Technology,Computer Peripherals,1277.49,881.4681
Office Supplies,Labels,14.2,3.84
Office Supplies,Appliances,52.21,-21.03
Furniture,Office Furnishings,170.32,117.5208
Technology,Computer Peripherals,203.29,-30.808
Technology,Telephones and Communication,759.88,524.3172
Office Supplies,Paper,94.2,21.78
Technology,Computer Peripherals,34.32,-98.35
Furniture,Office Furnishings,392.45,270.7905
Furniture,Chairs & Chairmats,511.25,223.416
Office Supplies,Pens & Art Supplies,29.88,-93.9274
Office Supplies,Storage & Organization,599.03,-321.51
Office Supplies,Appliances,356.92,246.2748
Office Supplies,Paper,136.16,93.9504
Furniture,Office Furnishings,130.74,29.98
Office Supplies,Paper,49.87,-121.2
Office Supplies,Rubber Bands,24.18,10.7824
Office Supplies,Storage & Organization,27587.55,2008.71
Office Supplies,Pens & Art Supplies,1191.58,-80.53
Office Supplies,Storage & Organization,6938.19,-48.958
Furniture,Office Furnishings,419.27,-32.816
Office Supplies,Paper,36,-15.61
Office Supplies,Envelopes,11.78,23.616
Office Supplies,Paper,20.96,-1748.012
Furniture,Office Furnishings,26.66,-180.152
Office Supplies,Rubber Bands,29.55,8.388
Technology,Telephones and Communication,1237.4,9.9399
Office Supplies,Binders and Binder Accessories,17.64,-66.171
Office Supplies,Labels,74.23,51.2187
Office Supplies,Paper,627.19,380.468
Furniture,Office Furnishings,612.92,-89.418
Furniture,Office Furnishings,29.08,9.252
Technology,Office Machines,2569.57,-1197.042
Office Supplies,Binders and Binder Accessories,78.99,-103.224
Furniture,Bookcases,1345.33,-84.6288
Office Supplies,Paper,15.19,2755.6422
Office Supplies,Storage & Organization,59.49,-256.018
Office Supplies,Appliances,57.84,-41.77
Furniture,Office Furnishings,1425.71,-1014.11
Office Supplies,Labels,25.26,17.4294
Furniture,Tables,736.16,-178.8696
Technology,Computer Peripherals,31.96,-74.64
Office Supplies,Paper,98.17,65.41
Technology,Computer Peripherals,264.95,-25.634
Office Supplies,Paper,53.21,-37.562
Office Supplies,Paper,122.8,-449.694
Office Supplies,Pens & Art Supplies,282.38,-66.248
Furniture,Tables,924.8,501.69
Technology,Computer Peripherals,821.17,566.6073
Office Supplies,Storage & Organization,194.08,-57.56
Technology,Computer Peripherals,237.77,164.0613
Technology,Telephones and Communication,316.28,218.2332
Furniture,Bookcases,2591.09,1049.03
Furniture,Office Furnishings,150.24,-102.93
Furniture,Bookcases,10364.36,1049.03
Office Supplies,Storage & Organization,657.61,664.518
Office Supplies,Pens & Art Supplies,241.97,105.7
Office Supplies,Storage & Organization,120.81,-21.06
Office Supplies,Pens & Art Supplies,41.4,-5.08
Office Supplies,Pens & Art Supplies,159.53,1289.382
Office Supplies,Appliances,536.29,-191.548
Office Supplies,Binders and Binder Accessories,10.96,-29.003
Technology,Office Machines,4146.28,2860.9332
Furniture,Chairs & Chairmats,3902.09,2692.4421
Office Supplies,Pens & Art Supplies,14.18,2.0672
Technology,Telephones and Communication,2118.99,111.0525
Technology,Telephones and Communication,837.64,-1963.752
Technology,Telephones and Communication,345.07,-60.704
Office Supplies,Binders and Binder Accessories,5.48,-37.789
Technology,Office Machines,8201.33,7576.11
Office Supplies,Paper,22.67,-43.26
Technology,Computer Peripherals,393.98,-44.436
Office Supplies,Pens & Art Supplies,19.29,4.85
Office Supplies,Labels,5.21,3.5949
Office Supplies,Paper,22.92,15.8148
Office Supplies,Pens & Art Supplies,30.9,-69.91
Technology,Telephones and Communication,2363.08,1630.5252
Technology,Telephones and Communication,328.45,-457.16
Office Supplies,Binders and Binder Accessories,386.61,266.7609
Technology,Computer Peripherals,43.94,-159.3028
Office Supplies,Labels,43.31,29.8839
Office Supplies,Appliances,284.34,52.764
Technology,Office Machines,3913.02,2699.9838
Office Supplies,Storage & Organization,180.14,-170.98
Office Supplies,Binders and Binder Accessories,364.92,-95.6186
Office Supplies,Rubber Bands,12.16,-2.376
Technology,Telephones and Communication,147.56,-18.3216
Technology,Computer Peripherals,113.68,-82.64
Office Supplies,Pens & Art Supplies,281.75,31.59
Office Supplies,Pens & Art Supplies,240.05,165.6345
Technology,Computer Peripherals,87.21,19.308
Office Supplies,Paper,40.15,0.33
Office Supplies,Storage & Organization,90.46,-35.26
Technology,Computer Peripherals,467.03,322.2507
Furniture,Bookcases,608.81,-221.5
Technology,Telephones and Communication,808.61,206.352
Technology,Office Machines,637.37,439.7853
Technology,Office Machines,232.16,-149.4573
Office Supplies,Pens & Art Supplies,360.03,21.096
Furniture,Office Furnishings,260.01,1166.628
Furniture,Office Furnishings,273.79,-40.6042
Office Supplies,Paper,44.62,-294.084
Office Supplies,Envelopes,268.64,55.5552
Furniture,Office Furnishings,87.68,-535.332
Office Supplies,Pens & Art Supplies,37.62,-208.7204
Technology,Computer Peripherals,832.97,38.886
Technology,Telephones and Communication,1042.54,719.3526
Office Supplies,Binders and Binder Accessories,76.16,-12.87678
Furniture,Office Furnishings,1038.14,618.1308
Technology,Office Machines,6296,-14140.7016
Office Supplies,Pens & Art Supplies,8.79,-8.876
Office Supplies,Binders and Binder Accessories,2051.68,14.754
Furniture,Bookcases,5295.03,669.612
Office Supplies,Pens & Art Supplies,80.27,213
Office Supplies,Storage & Organization,3292.02,-8.3881
Technology,Telephones and Communication,199.43,4.90176
Furniture,Office Furnishings,110.71,76.3899
Furniture,Office Furnishings,56.68,-36.77
Office Supplies,Storage & Organization,273.34,87.03
Technology,Telephones and Communication,226.88,-582.648
Office Supplies,Binders and Binder Accessories,5220.48,3602.1312
Technology,Telephones and Communication,113.44,-582.648
Office Supplies,Binders and Binder Accessories,66.02,-66.585
Office Supplies,Labels,33.02,441.594
Furniture,Tables,2273.1,394.17
Office Supplies,Pens & Art Supplies,19.49,13.4481
Office Supplies,Binders and Binder Accessories,5845.81,4033.6089
Technology,Telephones and Communication,633.85,141.7824
Technology,Computer Peripherals,107.51,74.1819
Technology,Computer Peripherals,421.08,82.31
Office Supplies,Paper,77.2,-2.352
Furniture,Chairs & Chairmats,5587.89,1059.288
Office Supplies,Appliances,159.89,-246.2761
Office Supplies,Labels,180.48,55.1946
Furniture,Office Furnishings,350.48,-307.2965
Technology,Telephones and Communication,936.8,-16.06374
Office Supplies,Paper,232.5,-160.3847
Office Supplies,Appliances,7497.05,732.2698
Furniture,Office Furnishings,1336.35,270.8743
Technology,Computer Peripherals,1724.01,333.7605
Office Supplies,Paper,59.79,-120.59
Technology,Telephones and Communication,240.21,-12.078
Office Supplies,Appliances,1785.01,1231.6569
Furniture,Office Furnishings,318.18,219.5442
Office Supplies,Appliances,38.89,-185.17
Office Supplies,Labels,45.12,31.1328
Furniture,Office Furnishings,90.45,-231.05
Furniture,Tables,2125.12,-165.5949204
Office Supplies,Paper,45.05,-21.684
Furniture,Bookcases,7045.02,4861.0638
Office Supplies,Paper,370.62,-83.75
Technology,Office Machines,904.25,565.18
Office Supplies,Paper,16.31,-38.72
Furniture,Tables,364.26,65.07702
Office Supplies,Labels,16.07,10.9592
Furniture,Office Furnishings,25.26,17.4294
Technology,Computer Peripherals,581.08,-32.6664
Office Supplies,"Scissors, Rulers and Trimmers",27.53,-13.1352
Office Supplies,Labels,32.33,22.3077
Office Supplies,Paper,642.06,443.0214
Technology,Office Machines,1068.6,-1220.9145
Office Supplies,Binders and Binder Accessories,99.75,-27.1492
Furniture,Office Furnishings,226.53,-106.3424
Office Supplies,Paper,68.65,44.9768
Office Supplies,Binders and Binder Accessories,236.83,689.328
Office Supplies,Storage & Organization,1944.87,-33.586
Office Supplies,Pens & Art Supplies,135.77,69.7672
Office Supplies,Paper,55.43,-52.8228
Office Supplies,Binders and Binder Accessories,20.46,7.31
Office Supplies,Paper,931.87,642.9903
Office Supplies,Rubber Bands,21.41,12.71
Office Supplies,Binders and Binder Accessories,59.75,28.288
Office Supplies,Envelopes,162.49,112.1181
Office Supplies,Appliances,819.4,565.386
Furniture,Chairs & Chairmats,1809.75,-230.9528
Office Supplies,Binders and Binder Accessories,70.03,-61.62804
Furniture,Office Furnishings,102.43,70.6767
Office Supplies,Paper,137.76,95.0544
Technology,Telephones and Communication,326.03,224.9607
Office Supplies,Pens & Art Supplies,379.72,-89.572
Office Supplies,Paper,48.33,33.3477
Office Supplies,Storage & Organization,34.91,-34.592
Office Supplies,Appliances,47.04,-24.63
Office Supplies,Paper,10.94,-536.242
Furniture,Tables,731.38,-125.86
Office Supplies,Appliances,344.87,36.1641
Technology,Computer Peripherals,523.06,17.1028
Technology,Telephones and Communication,2424.68,1269.38196
Technology,Office Machines,2411.43,137.68794
Technology,Telephones and Communication,1278.96,882.4824
Office Supplies,Pens & Art Supplies,25.22,6.384
Office Supplies,Binders and Binder Accessories,34.73,5.2955
Office Supplies,Binders and Binder Accessories,247.53,170.7957
Office Supplies,Pens & Art Supplies,23.89,16.092
Office Supplies,Pens & Art Supplies,454.4,274.0788
Office Supplies,Rubber Bands,14.53,-3.782
Office Supplies,Labels,15.65,10.7985
Office Supplies,Pens & Art Supplies,111.92,15.246
Furniture,Bookcases,1700.38,-103.624
Office Supplies,Paper,35.96,-57.824
Office Supplies,Appliances,141.59,18.218
Office Supplies,Paper,203.05,25.058
Office Supplies,"Scissors, Rulers and Trimmers",56.19,11.82
Office Supplies,Paper,40.8,28.152
Office Supplies,Binders and Binder Accessories,117.87,-237.544
Technology,Telephones and Communication,1503.05,1037.1045
Office Supplies,Paper,382.33,-94.59
Office Supplies,Storage & Organization,356.61,-293.74
Office Supplies,Binders and Binder Accessories,1506.89,1039.7541
Office Supplies,Paper,92.29,-49.1868
Office Supplies,Storage & Organization,82.29,-152.7448
Office Supplies,Paper,203.37,41.3
Office Supplies,Paper,160.66,47.61
Office Supplies,Paper,107.08,-23.5
Office Supplies,Appliances,9705.46,1282.496
Technology,Computer Peripherals,3247.54,17.2
Office Supplies,Paper,5582.63,1184.12
Office Supplies,Appliances,2426.36,1474.8704
Technology,Computer Peripherals,824,19.78
Office Supplies,Paper,1347.53,929.7957
Office Supplies,Envelopes,11.16,-7.25
Office Supplies,Pens & Art Supplies,45.22,31.2018
Office Supplies,Paper,52.93,-75.9004
Office Supplies,Paper,75.61,52.1709
Furniture,Office Furnishings,67.64,-159.86
Office Supplies,Paper,240.42,165.8898
Office Supplies,"Scissors, Rulers and Trimmers",184.4,75.01
Office Supplies,Storage & Organization,3802.01,2267.22
Technology,Computer Peripherals,1181.67,97.16
Office Supplies,"Scissors, Rulers and Trimmers",29.93,-20.65
Office Supplies,Binders and Binder Accessories,171.33,67.864
Office Supplies,Paper,84.04,-14.075
Furniture,Chairs & Chairmats,251.06,-78.7592
Furniture,Chairs & Chairmats,2610.56,1167.38
Technology,Telephones and Communication,1173.76,402.066
Technology,Computer Peripherals,50.28,11.95
Technology,Copiers and Fax,2570.45,1773.6105
Technology,Telephones and Communication,158.87,4.1822
Office Supplies,Paper,56.71,39.1299
Furniture,Chairs & Chairmats,5086.08,1660.92
Furniture,Chairs & Chairmats,1894.45,638.028
Furniture,Office Furnishings,200.72,138.4968
Office Supplies,Pens & Art Supplies,36.82,-6.734
Furniture,Office Furnishings,84.6,-25.38
Furniture,Bookcases,296.75,-203.27
Technology,Computer Peripherals,582.2,-807.59
Office Supplies,Paper,171.93,118.6317
Office Supplies,Pens & Art Supplies,35.19,23.304
Technology,Computer Peripherals,2037.69,-807.59
Office Supplies,Paper,722.1,150.72
Office Supplies,Pens & Art Supplies,140.78,19.42
Office Supplies,Pens & Art Supplies,129.72,3.13
Office Supplies,Storage & Organization,12190.98,1141.07
Furniture,Bookcases,1483.76,-203.27
Office Supplies,Pens & Art Supplies,87.18,10.01
Technology,Telephones and Communication,798.89,313.812
Office Supplies,Binders and Binder Accessories,133.19,-39.18625
Office Supplies,Paper,97.33,-1.89
Technology,Computer Peripherals,130.91,4.29
Office Supplies,Appliances,281.82,-122.77
Office Supplies,Appliances,991.24,683.9556
Office Supplies,Appliances,119.86,-16.64
Technology,Computer Peripherals,98.77,-59.73
Furniture,Tables,2495.35,-633.441237
Office Supplies,Storage & Organization,200.83,72.984
Office Supplies,Paper,348.08,240.1752
Office Supplies,Appliances,131.69,-11.248
Office Supplies,Labels,13.93,9.6117
Technology,Telephones and Communication,31.71,-299.8142
Office Supplies,Labels,60.01,13.8
Office Supplies,Paper,90.98,4.392
Technology,Telephones and Communication,1270.7,-236.25
Office Supplies,Labels,236.87,36.02
Office Supplies,Paper,370.91,-50.64
Technology,Telephones and Communication,4976.92,510.489
Office Supplies,Binders and Binder Accessories,574.97,-20.18226
Office Supplies,Paper,115.22,-156.9722
Office Supplies,Pens & Art Supplies,456.58,384.5043
Furniture,Tables,3772.19,513.084
Office Supplies,Binders and Binder Accessories,2642.48,44.52
Office Supplies,Binders and Binder Accessories,61.5,-48.875
Office Supplies,Binders and Binder Accessories,1276.88,881.0472
Technology,Office Machines,233.58,-233.840688
Office Supplies,Envelopes,31.98,-139.076
Furniture,Chairs & Chairmats,519.42,-64.664
Office Supplies,Appliances,2382.72,1644.0768
Office Supplies,Binders and Binder Accessories,64.96,-350.4395
Office Supplies,Rubber Bands,19.14,4.2028
Office Supplies,Binders and Binder Accessories,25.35,-44.068
Technology,Computer Peripherals,45.03,-100.51
Furniture,Office Furnishings,153.87,-17.75
Technology,Telephones and Communication,2800.33,1374.948
Furniture,Chairs & Chairmats,3596.03,-677.872
Office Supplies,Binders and Binder Accessories,2353.55,1623.9495
Office Supplies,Appliances,92.57,-122.835
Furniture,Chairs & Chairmats,7974.21,252.488
Office Supplies,"Scissors, Rulers and Trimmers",87.1,-88.585
Office Supplies,Storage & Organization,736.86,-485.68
Office Supplies,Storage & Organization,33.84,-16.37
Office Supplies,Binders and Binder Accessories,14.9,-94.2586
Office Supplies,Paper,39.64,6.3308
Furniture,Office Furnishings,139.49,-66.8236
Furniture,Chairs & Chairmats,1952.43,971.622
Furniture,Tables,1370.79,-134.512
Technology,Office Machines,3501.79,-4075.933992
Office Supplies,"Scissors, Rulers and Trimmers",63.04,-18.5588
Office Supplies,Pens & Art Supplies,451.35,220.3572
Office Supplies,"Scissors, Rulers and Trimmers",119.6,47.73
Office Supplies,Binders and Binder Accessories,59.9,28.526
Furniture,Office Furnishings,99.22,-87.46
Technology,Office Machines,1183.82,-3.948
Office Supplies,Storage & Organization,201.77,28.1826
Office Supplies,Pens & Art Supplies,443.66,-51.66
Office Supplies,Appliances,541.76,-193.914
Furniture,Chairs & Chairmats,107.66,57.546
Office Supplies,Storage & Organization,318.83,-333.4254
Technology,Computer Peripherals,3600.65,12.264
Furniture,Chairs & Chairmats,3936.61,-283.9914
Office Supplies,Paper,78.31,-195.342
Office Supplies,Pens & Art Supplies,42.46,-89.7092
Office Supplies,Paper,14.66,-44.415
Office Supplies,Paper,83.14,167.334
Technology,Computer Peripherals,215.25,65.598
Furniture,Bookcases,1358.02,0.258
Office Supplies,Envelopes,358.84,63.222
Furniture,Office Furnishings,511.57,-29.666
Office Supplies,Pens & Art Supplies,8.65,-1319.5
Office Supplies,Paper,380,262.2
Furniture,Bookcases,199.48,-119.812
Technology,Telephones and Communication,93.81,-9.108
Office Supplies,Envelopes,312.22,172.5644
Office Supplies,Paper,43.84,45.078
Office Supplies,Paper,141.74,-110.376
Technology,Office Machines,8717.75,1951.3
Technology,Office Machines,2230.12,1538.7828
Office Supplies,Pens & Art Supplies,56.4,32.83
Technology,Computer Peripherals,257.52,51.59
Furniture,Chairs & Chairmats,1488.51,969.42
Office Supplies,Paper,801.93,553.3317
Technology,Computer Peripherals,44.24,-30.45
Office Supplies,Labels,79.74,55.0206
Technology,Telephones and Communication,392.45,-43.65504
Office Supplies,Pens & Art Supplies,48.32,-577.304
Technology,Computer Peripherals,332.16,-1535.4864
Technology,Computer Peripherals,147.62,-159.32
Furniture,Chairs & Chairmats,125.9,-74.088
Office Supplies,Appliances,768.81,-137.522
Office Supplies,Envelopes,183.39,-11.816
Furniture,Office Furnishings,12.9,238.9338
Office Supplies,Pens & Art Supplies,17.89,-105.126
Technology,Computer Peripherals,255.88,95.388
Office Supplies,Binders and Binder Accessories,378.82,261.3858
Technology,Computer Peripherals,152.18,-135.46
Office Supplies,Binders and Binder Accessories,53.89,-31.68825
Office Supplies,Paper,1001.02,690.7038
Technology,Telephones and Communication,495.82,-13.068
Technology,Computer Peripherals,24.44,-25.104
Office Supplies,Paper,21.86,1.9504
Office Supplies,Binders and Binder Accessories,47.12,-340.5311
Office Supplies,Binders and Binder Accessories,670.9,462.921
Office Supplies,Paper,412.72,-131.16
Office Supplies,Paper,14.52,-11.83
Office Supplies,Paper,103.18,-65.58
Technology,Computer Peripherals,97.96,596.808
Furniture,Tables,5419.41,3739.3929
Furniture,Office Furnishings,700.41,470.338
Technology,Computer Peripherals,646.88,401.85
Furniture,Office Furnishings,1029.96,710.6724
Office Supplies,Paper,52.09,-92.32
Furniture,Chairs & Chairmats,1794.88,-1764.29
Office Supplies,Appliances,765.04,527.8776
Office Supplies,Storage & Organization,127.12,34.52
Technology,Copiers and Fax,5183.89,3576.8841
Office Supplies,Pens & Art Supplies,36.09,20.38
Office Supplies,Storage & Organization,366.26,31.11
Office Supplies,Storage & Organization,157.99,358.2954
Technology,Telephones and Communication,1212.88,8.322
Technology,Telephones and Communication,125.19,24.018
Office Supplies,Appliances,1867.04,-269.7555
Technology,Computer Peripherals,537.8,710.8074
Furniture,Office Furnishings,119.78,-2133.278
Technology,Computer Peripherals,12.15,80.0712
Office Supplies,Paper,288.42,896.406
Office Supplies,Binders and Binder Accessories,511.42,352.8798
Office Supplies,Storage & Organization,200.64,68.676
Office Supplies,Appliances,17.62,-15.92
Office Supplies,Storage & Organization,80.58,-114.2
Furniture,Office Furnishings,25.31,-25
Office Supplies,Envelopes,369.78,255.1482
Office Supplies,Paper,57.14,39.4266
Furniture,Chairs & Chairmats,498.31,-722.23
Office Supplies,Binders and Binder Accessories,431.43,30.024
Office Supplies,Pens & Art Supplies,57.24,0.4266
Office Supplies,Pens & Art Supplies,824.7,66.216
Office Supplies,Paper,58.5,-164.18
Office Supplies,Envelopes,131.62,-79.4
Office Supplies,Pens & Art Supplies,121.46,23.046
Furniture,Chairs & Chairmats,356.14,-127.3
Office Supplies,Paper,27.08,-52.77
Office Supplies,Storage & Organization,65.85,-781.1342
Office Supplies,Paper,50.71,-23.296
Office Supplies,Paper,45,58.812
Office Supplies,Labels,19.02,4.0443
Office Supplies,Pens & Art Supplies,193.87,-10.3684
Technology,Telephones and Communication,1434.51,989.8119
Furniture,Office Furnishings,8549.04,2861.01
Furniture,Office Furnishings,2239.03,1544.9307
Office Supplies,Binders and Binder Accessories,22.13,125.9982
Furniture,Office Furnishings,34.17,-92.9292
Technology,Telephones and Communication,94.3,-39.809
Technology,Computer Peripherals,384.22,-29.0656
Office Supplies,Appliances,178.68,-19.2972
Office Supplies,Pens & Art Supplies,79.39,40.6556
Office Supplies,Binders and Binder Accessories,199.53,137.6757
Office Supplies,Paper,37.05,-62
Office Supplies,Labels,68.88,47.5272
Office Supplies,Binders and Binder Accessories,549.85,379.3965
Technology,Computer Peripherals,48.99,-41.83
Technology,Telephones and Communication,681.42,372.402
Office Supplies,Binders and Binder Accessories,66.65,-116.3455
Furniture,Chairs & Chairmats,2934.16,1304.9
Technology,Telephones and Communication,876.88,605.0472
Office Supplies,Binders and Binder Accessories,157.33,107.45462
Office Supplies,Paper,27.37,18.41
Furniture,Office Furnishings,98.16,65.63
Furniture,Office Furnishings,116.11,-7.73
Office Supplies,Binders and Binder Accessories,95,-47.99525
Technology,Office Machines,837.57,66.22
Office Supplies,Paper,56.22,-23.53
Technology,Computer Peripherals,758.97,10.68
Office Supplies,Labels,84.44,58.2636
Office Supplies,Binders and Binder Accessories,29.99,-42.1705
Furniture,Tables,1487.9,66.36222
Technology,Computer Peripherals,600.4,-1.904
Office Supplies,Paper,34.25,-37.048
Office Supplies,Pens & Art Supplies,31.45,-56.888
Office Supplies,Paper,249.07,-189.714
Office Supplies,"Scissors, Rulers and Trimmers",59.22,1628.37
Office Supplies,Binders and Binder Accessories,5572.18,-4.48
Furniture,Chairs & Chairmats,2941.42,3193.284
Furniture,Office Furnishings,522.46,43.6917
Office Supplies,Pens & Art Supplies,25.31,349.0593
Office Supplies,Binders and Binder Accessories,513.33,1.992
Office Supplies,Pens & Art Supplies,15.7,-22.01
Technology,Telephones and Communication,680.65,426.46032
Office Supplies,Labels,28.34,19.5546
Furniture,Office Furnishings,861.3,152.482
Office Supplies,Storage & Organization,894.64,67.012
Technology,Telephones and Communication,710.36,374.625
Office Supplies,Envelopes,80.2,-3.2448
Office Supplies,Binders and Binder Accessories,9252.81,6384.4389
Office Supplies,Storage & Organization,207.31,-116.76
Technology,Telephones and Communication,143.12,-160.952
Office Supplies,Pens & Art Supplies,59.98,-41.87
Furniture,Office Furnishings,135.78,-24.7104
Furniture,Office Furnishings,506.5,349.485
